Time (ms),Accelerometer,Gyroscope,Angle
0,10.0,0.05,-0.01
0,0.1,0.05,-0.0
0,0.1,0.12,-0.0
0,-0.12,0.12,-0.0
1,-0.12,0.12,-0.01
1,-0.12,0.04,-0.01
1,-0.12,0.04,-0.01
1,-0.12,0.04,-0.01
2,-0.12,0.04,-0.01
2,-0.12,0.18,-0.02
2,0.1,0.18,-0.01
2,0.1,0.18,-0.01
2,0.1,-0.04,-0.01
3,0.1,-0.04,-0.01
3,0.1,-0.04,-0.01
3,0.1,-0.07,-0.0
3,0.1,-0.07,-0.0
3,0.1,-0.07,0.0
4,0.1,0.06,0.0
4,-0.12,0.06,-0.0
4,-0.12,0.06,-0.0
4,0.32,0.04,0.0
4,0.32,0.04,0.01
5,-0.12,0.04,0.01
5,-0.12,0.04,0.01
5,0.32,0.18,0.01
5,-0.57,0.18,-0.0
5,-0.35,0.18,-0.01
6,-0.35,0.15,-0.01
6,-0.35,0.15,-0.02
6,0.1,0.15,-0.02
6,0.1,0.28,-0.02
6,0.1,0.28,-0.01
7,0.1,0.28,-0.01
7,-0.12,0.28,-0.01
7,-0.12,0.18,-0.02
7,-0.35,0.18,-0.02
7,0.32,0.18,-0.02
8,0.32,0.17,-0.01
8,-0.57,0.17,-0.02
8,-0.57,0.17,-0.03
8,0.32,0.13,-0.02
9,0.32,0.13,-0.02
9,-0.12,0.13,-0.02
9,-0.12,-0.01,-0.02
9,-0.12,-0.01,-0.02
9,0.32,-0.01,-0.02
10,0.32,0.06,-0.01
10,0.32,0.06,-0.0
10,0.32,0.06,0.0
10,0.1,0.06,0.01
10,0.1,0.19,0.01
10,-0.35,0.19,0.0
11,-0.35,0.19,-0.01
11,-0.12,0.26,-0.01
11,-0.12,0.26,-0.01
11,-0.12,0.26,-0.01
12,-0.12,0.16,-0.02
12,-0.12,0.16,-0.02
12,0.55,0.16,-0.01
12,0.55,0.46,0.01
12,0.32,0.46,0.01
13,-0.57,0.46,-0.0
13,-0.35,0.46,-0.01
13,-0.12,0.14,-0.01
13,-0.12,0.14,-0.01
14,0.1,0.14,-0.01
14,0.1,0.19,-0.01
14,0.1,0.19,-0.01
14,0.1,0.19,-0.0
14,0.32,0.03,0.0
15,-0.57,0.03,-0.01
15,-0.35,0.03,-0.01
15,0.1,0.03,-0.01
15,0.1,0.09,-0.01
16,0.32,0.09,-0.0
16,0.32,0.09,0.0
16,-0.12,0.15,0.0
16,-0.12,0.15,-0.0
16,0.32,0.15,0.0
17,0.32,0.11,0.01
17,-0.12,0.11,0.01
17,-0.12,0.11,0.01
17,-0.35,-0.03,-0.0
18,0.32,-0.03,0.01
18,0.32,-0.03,0.01
18,-0.57,-0.03,-0.0
18,-0.57,0.13,-0.01
18,-0.12,0.13,-0.01
19,-0.12,0.13,-0.02
19,0.32,0.04,-0.01
19,0.55,0.04,0.0
19,0.55,0.04,0.01
20,0.32,0.09,0.02
20,0.32,0.09,0.03
20,0.32,0.09,0.03
20,0.32,0.09,0.04
20,0.1,-0.01,0.04
21,0.1,-0.01,0.04
21,0.32,-0.01,0.05
21,0.32,0.08,0.05
21,-0.35,0.08,0.04
21,-0.35,0.08,0.04
22,-0.12,0.11,0.03
22,0.1,0.11,0.03
22,-0.84,0.11,0.01
22,0.06,-0.08,0.01
23,-0.17,-0.08,0.0
23,0.06,-0.08,0.0
23,0.06,-0.0,0.01
23,-0.17,-0.0,0.0
24,-0.17,-0.0,-0.0
27,0.28,0.07,0.0
30,0.28,0.07,0.01
33,-0.61,0.07,-0.0
37,-0.61,0.07,-0.01
38,0.28,0.1,-0.01
42,-0.61,0.1,-0.02
44,0.06,0.1,-0.02
47,-0.17,-0.02,-0.02
51,-0.17,-0.02,-0.03
54,0.06,-0.02,-0.02
56,0.06,-0.1,-0.02
59,-0.17,-0.1,-0.03
62,-0.17,-0.1,-0.03
66,0.06,-0.08,-0.03
68,-0.17,-0.08,-0.03
71,-0.17,-0.08,-0.03
74,0.28,-0.02,-0.03
77,0.28,-0.02,-0.02
79,-0.39,-0.02,-0.03
83,-0.39,-0.25,-0.03
85,-0.61,-0.25,-0.05
88,-0.17,-0.25,-0.05
91,-0.17,-0.25,-0.05
94,0.06,-0.08,-0.05
97,0.06,-0.08,-0.05
100,0.06,-0.08,-0.04
103,0.06,0.14,-0.04
106,0.06,0.14,-0.04
109,0.28,0.14,-0.03
111,0.28,0.06,-0.03
114,0.06,0.06,-0.03
117,0.06,0.06,-0.02
120,-0.39,-0.04,-0.03
123,-0.39,-0.04,-0.04
126,-0.39,-0.04,-0.05
129,-0.17,-0.2,-0.05
133,-0.17,-0.2,-0.05
135,-0.61,-0.2,-0.06
139,-0.61,0.01,-0.07
141,-0.39,0.01,-0.08
144,-0.39,0.01,-0.09
147,-0.17,0.01,-0.09
150,0.5,-0.04,-0.08
152,0.5,-0.04,-0.06
156,-0.17,-0.04,-0.07
158,-0.17,-0.06,-0.07
161,0.73,-0.06,-0.05
164,-0.17,-0.06,-0.05
168,0.06,-0.25,-0.05
171,0.06,-0.25,-0.05
173,0.06,-0.25,-0.05
176,-0.61,-0.03,-0.06
179,-0.61,-0.03,-0.07
182,0.28,-0.03,-0.06
185,0.28,-0.14,-0.06
189,0.28,-0.14,-0.05
191,0.06,-0.14,-0.05
193,0.06,2.1,-0.05
197,-0.39,-0.04,-0.05
200,-0.39,-0.04,-0.06
202,-0.17,-0.04,-0.06
206,-0.17,-0.02,-0.06
208,-0.17,-0.02,-0.07
211,0.5,-0.02,-0.05
214,0.5,-0.25,-0.04
217,0.28,-0.25,-0.04
220,0.28,-0.25,-0.03
223,-0.17,-0.27,-0.03
226,0.73,-0.27,-0.02
229,0.5,-0.27,-0.01
232,0.06,-0.02,-0.01
235,0.06,-0.02,-0.01
238,-0.17,-0.02,-0.01
240,-0.17,-0.11,-0.01
244,0.5,-0.11,-0.0
246,0.5,-0.11,0.01
250,0.28,-0.04,0.01
252,0.28,-0.04,0.02
255,0.28,-0.04,0.02
258,-0.17,-0.04,0.02
260,-0.17,-0.01,0.02
263,0.5,-0.01,0.03
266,0.5,-0.01,0.04
270,0.06,0.03,0.04
272,0.06,0.03,0.04
275,0.06,0.03,0.04
278,0.06,-0.11,0.04
281,-0.17,-0.11,0.03
284,-0.39,-0.11,0.03
287,-0.39,-0.11,0.02
290,-0.17,-0.24,0.01
292,-0.17,-0.24,0.01
295,0.06,-0.24,0.01
298,0.06,0.1,0.01
301,0.28,0.1,0.02
303,0.28,0.1,0.02
306,0.5,-0.02,0.03
309,-0.39,-0.02,0.02
312,-0.39,-0.02,0.01
315,0.06,0.1,0.02
319,0.06,0.1,0.02
320,0.06,0.1,0.02
323,0.06,0.1,0.02
325,0.06,-0.04,0.02
328,0.06,-0.04,0.02
331,0.28,-0.04,0.02
334,0.28,0.04,0.03
337,-0.17,0.04,0.03
339,-0.17,0.04,0.02
343,0.06,-2.2,0.02
345,0.06,-0.11,0.02
348,0.06,-0.11,0.02
351,-0.39,-0.11,0.02
354,-0.39,-0.04,0.01
356,0.28,-0.04,0.01
361,0.28,-0.04,0.02
362,0.06,-0.14,0.02
367,0.06,-0.14,0.02
371,0.06,-0.14,0.02
373,0.06,0.08,0.02
374,0.06,0.08,0.02
376,-0.17,0.08,0.02
380,-0.17,0.08,0.01
382,0.28,0.18,0.02
384,0.28,0.18,0.02
387,-0.17,0.18,0.02
389,-0.17,-0.07,0.02
392,-0.17,-0.07,0.01
395,-0.17,-0.07,0.01
398,0.28,-0.11,0.02
401,0.06,-0.11,0.02
404,0.06,-0.11,0.02
407,-0.17,-0.11,0.01
410,-0.17,-0.11,0.01
413,0.06,-0.11,0.01
416,0.06,-0.11,0.01
418,0.06,-0.27,0.01
421,0.06,-0.27,0.01
424,-0.17,-0.27,0.01
427,0.06,-0.0,0.01
430,0.06,-0.0,0.01
433,-0.17,-0.0,0.01
436,-0.17,0.13,0.0
439,0.28,0.13,0.01
441,0.28,0.13,0.02
445,-0.39,0.13,0.01
447,-0.39,0.13,-0.0
449,0.5,0.13,0.01
452,0.5,0.13,0.02
454,0.5,-0.04,0.03
457,-0.39,-0.04,0.02
460,-0.39,-0.04,0.01
464,-0.17,0.24,0.01
466,-0.17,0.24,0.01
469,-0.17,0.24,0.0
472,-0.17,-0.16,-0.0
475,0.28,-0.16,0.0
477,0.28,-0.16,0.01
480,0.28,-0.16,0.01
483,-0.61,-0.17,0.0
486,-0.61,-0.17,-0.01
489,-0.39,-0.17,-0.02
493,-0.39,-0.06,-0.03
495,0.5,-0.06,-0.01
498,0.5,-0.06,-0.0
501,-0.17,-0.14,-0.01
504,0.06,-0.14,-0.01
507,0.06,-0.14,-0.01
509,-0.39,0.14,-0.01
513,-0.39,0.14,-0.02
515,-0.17,0.14,-0.02
518,-0.17,0.04,-0.03
521,0.28,0.04,-0.02
524,-0.61,0.04,-0.03
527,-0.17,0.04,-0.03
530,-0.17,-0.08,-0.04
533,-0.17,-0.08,-0.04
536,-0.17,-0.08,-0.04
539,-0.17,-0.32,-0.05
542,0.06,-0.32,-0.04
546,0.95,-0.32,-0.02
548,0.28,-0.25,-0.02
550,0.06,-0.25,-0.02
553,0.06,-0.25,-0.01
556,0.5,-0.14,-0.0
560,0.5,-0.14,0.01
562,-0.39,-0.14,-0.0
565,0.5,0.04,0.01
568,0.5,0.04,0.02
570,-0.39,0.04,0.01
573,0.06,0.04,0.01
577,0.06,-0.04,0.01
580,0.06,-0.04,0.01
581,0.06,-0.04,0.01
584,0.06,-0.26,0.01
587,0.5,-0.26,0.02
590,0.5,-0.26,0.03
593,-0.17,-0.16,0.03
596,-0.17,-0.16,0.03
599,0.06,-0.16,0.03
601,0.06,0.15,0.03
604,0.06,0.15,0.03
607,0.06,0.15,0.03
609,0.06,0.15,0.03
612,-0.17,0.12,0.02
615,-0.17,0.12,0.02
618,-0.17,0.12,0.02
621,-0.17,0.17,0.01
623,0.5,0.17,0.02
626,0.5,0.17,0.03
629,0.5,0.05,0.04
632,0.5,0.05,0.05
634,0.28,0.05,0.06
637,0.28,0.05,0.06
640,0.28,-0.18,0.06
644,0.5,-0.18,0.07
646,0.5,-0.18,0.08
648,-0.17,-0.2,0.08
651,-0.17,-0.2,0.07
654,0.28,-0.2,0.08
657,0.28,-0.09,0.08
661,0.28,-0.09,0.08
663,-0.61,-0.09,0.07
666,0.06,-0.09,0.07
668,0.28,-0.1,0.07
671,0.28,-0.1,0.08
674,0.06,-0.1,0.08
677,0.06,-0.18,0.08
680,0.28,-0.18,0.08
682,0.28,-0.18,0.09
685,0.28,-0.14,0.09
688,-0.61,-0.14,0.08
691,-0.39,-0.14,0.07
695,0.28,-0.1,0.07
697,0.28,-0.1,0.07
700,-0.17,-0.1,0.07
702,-0.17,-0.1,0.06
705,0.06,-0.12,0.06
708,0.06,-0.12,0.06
711,-0.17,-0.12,0.06
714,-0.17,-0.23,0.06
717,0.06,-0.23,0.06
720,0.28,-0.23,0.06
722,0.28,-0.28,0.06
725,-0.39,-0.28,0.06
728,-0.39,-0.28,0.05
731,-0.17,-0.0,0.04
734,-0.17,-0.0,0.04
737,-0.17,-0.0,0.03
740,-0.17,-0.0,0.03
742,-0.39,-0.19,0.02
745,-0.17,-0.19,0.02
748,-0.17,-0.19,0.01
752,0.06,-0.04,0.01
754,0.06,-0.04,0.02
757,-0.39,-0.04,0.01
760,-0.39,-0.23,-0.0
763,-0.39,-0.23,-0.01
766,0.06,-0.23,-0.01
769,0.06,-0.28,-0.01
772,0.28,-0.28,-0.0
774,0.28,-0.28,0.01
777,0.28,-0.28,0.01
780,0.28,-0.11,0.02
783,-0.17,-0.11,0.01
786,-0.17,-0.11,0.01
789,-0.17,-0.25,0.01
791,0.28,-0.25,0.01
794,0.28,-0.25,0.02
797,-0.17,-0.2,0.01
800,-0.17,-0.2,0.01
803,0.28,-0.2,0.01
806,0.28,-0.18,0.02
809,-0.17,-0.18,0.02
812,-0.17,-0.18,0.01
814,-0.17,-0.13,0.01
817,-0.39,-0.13,0.0
821,-0.39,-0.13,-0.01
823,-0.17,-0.13,-0.01
826,-0.17,-0.25,-0.01
829,0.06,-0.25,-0.01
832,-0.84,-0.25,-0.03
835,-0.84,0.09,-0.04
838,0.28,0.09,-0.04
841,0.28,0.09,-0.03
844,0.06,0.07,-0.03
846,0.06,0.07,-0.03
849,0.28,0.07,-0.02
852,0.28,-0.07,-0.02
855,0.28,-0.07,-0.01
858,-0.61,-0.07,-0.02
861,-0.61,0.22,-0.03
864,0.28,0.22,-0.03
867,0.28,0.22,-0.02
869,-0.17,0.22,-0.02
872,-0.17,0.04,-0.03
875,0.28,0.04,-0.02
878,0.28,0.04,-0.02
881,0.28,0.1,-0.01
884,0.06,0.1,-0.01
886,0.06,0.1,-0.01
889,0.28,0.1,-0.0
892,0.28,0.1,0.0
895,0.06,0.1,0.01
897,0.06,0.1,0.01
900,0.06,0.04,0.01
903,0.06,0.04,0.01
906,0.28,0.04,0.01
908,0.28,-0.18,0.02
911,0.06,-0.18,0.02
914,0.06,-0.18,0.02
918,0.06,-0.21,0.02
920,0.28,-0.21,0.03
922,0.28,-0.21,0.03
925,-0.17,-0.21,0.03
928,-0.17,-0.16,0.02
933,-0.17,-0.16,0.02
935,-0.17,-0.16,0.02
937,-0.39,0.03,0.01
941,-0.39,0.03,-0.0
943,-0.17,0.03,-0.0
945,0.06,0.01,-0.0
949,0.06,0.01,-0.0
953,0.06,0.01,-0.0
954,0.06,0.17,0.0
958,0.28,0.17,0.01
959,0.28,0.17,0.01
962,-0.39,0.17,0.0
965,-0.39,0.09,-0.0
968,0.06,0.09,-0.0
971,0.95,0.09,0.02
973,0.28,-0.17,0.02
976,0.28,-0.17,0.03
979,0.28,-0.17,0.03
982,-0.17,-0.15,0.03
985,-0.17,-0.15,0.02
988,-0.17,-0.15,0.02
991,-0.17,-0.12,0.02
993,0.28,-0.12,0.02
996,0.28,-0.12,0.03
999,-0.17,-0.12,0.02
1002,0.06,-0.05,0.02
1005,0.06,-0.05,0.02
1008,0.06,-0.05,0.02
1010,0.06,0.03,0.03
1013,-0.17,0.03,0.02
1016,-0.17,0.03,0.02
1019,0.06,-0.07,0.02
1022,0.06,-0.07,0.02
1024,0.06,-0.07,0.02
1027,0.06,-0.07,0.02
1030,0.06,-0.17,0.02
1033,0.06,-0.17,0.02
1036,0.06,-0.17,0.02
1039,-0.17,-0.13,0.02
1041,-0.17,-0.13,0.02
1044,0.06,-0.13,0.02
1047,0.06,-0.14,0.02
1050,0.06,-0.14,0.02
1053,0.06,-0.14,0.02
1056,-0.39,0.02,0.01
1058,0.5,0.02,0.02
1061,0.5,0.02,0.03
1064,-0.39,0.02,0.02
1067,-0.39,-0.17,0.01
1070,-0.17,-0.17,0.01
1073,-0.17,-0.17,0.01
1075,-0.17,0.08,0.0
1078,-0.17,0.08,-0.0
1081,0.06,0.08,0.0
1084,0.06,-0.04,0.0
1087,0.06,-0.04,0.0
1089,0.28,-0.04,0.01
1092,0.28,-0.04,0.01
1095,0.28,-0.11,0.02
1098,0.28,-0.11,0.02
1101,-0.17,-0.11,0.02
1104,-0.17,-0.21,0.02
1107,-0.17,-0.21,0.01
1110,0.73,-0.21,0.03
1112,0.5,-0.33,0.04
1115,-0.61,-0.33,0.02
1118,-0.61,-0.33,0.01
1121,0.06,-0.27,0.01
1124,0.06,-0.27,0.01
1126,0.5,-0.27,0.02
1129,0.5,-0.27,0.03
1132,0.73,-0.05,0.05
1135,0.73,-0.05,0.06
1138,-0.39,-0.05,0.05
1141,0.28,-0.1,0.05
1143,0.28,-0.1,0.06
1146,-0.17,-0.1,0.05
1149,-0.17,-0.25,0.05
1152,0.28,-0.25,0.06
1155,0.28,-0.25,0.06
1158,0.06,0.04,0.06
1160,0.06,0.04,0.06
1163,-0.17,0.04,0.05
1166,-0.17,0.04,0.05
1169,0.06,-0.01,0.05
1172,0.06,-0.01,0.05
1174,0.06,-0.01,0.05
1177,-0.39,-0.05,0.04
1180,-0.39,-0.05,0.03
1183,0.06,-0.05,0.03
1186,0.06,-0.24,0.03
1189,-0.17,-0.24,0.03
1192,-0.17,-0.24,0.03
1195,-0.17,-0.11,0.02
1197,0.28,-0.11,0.03
1200,0.28,-0.11,0.03
1203,-0.39,-0.11,0.02
1206,-0.39,0.05,0.02
1209,-0.39,0.05,0.01
1212,-0.39,0.05,-0.0
1216,0.73,-0.05,0.01
1217,0.73,-0.05,0.03
1220,0.5,-0.05,0.04
1224,0.5,-0.2,0.05
1227,0.5,-0.2,0.06
1229,-0.39,-0.2,0.05
1233,-0.39,-0.07,0.04
1234,-0.17,-0.07,0.03
1237,-0.17,-0.07,0.03
1240,-0.39,-0.07,0.02
1243,0.5,-0.11,0.03
1247,0.28,-0.11,0.04
1249,-0.39,-0.11,0.03
1252,-0.39,-0.15,0.02
1255,-0.39,-0.15,0.01
1258,-0.39,-0.15,0.0
1260,0.06,-0.32,0.0
1263,0.06,-0.32,0.01
1266,-0.17,-0.32,0.0
1269,-0.17,-0.13,-0.0
1274,-0.39,-0.13,-0.01
1276,-0.17,-0.13,-0.01
1279,-0.17,0.03,-0.02
1282,0.28,0.03,-0.01
1284,0.28,0.03,-0.0
1286,0.28,0.03,0.0
1289,-0.61,-0.0,-0.01
1292,-0.17,-0.0,-0.01
1296,0.5,-0.0,-0.0
1298,0.5,-0.14,0.01
1302,0.28,-0.14,0.01
1303,0.28,-0.14,0.02
1306,0.5,-0.04,0.03
1309,0.5,-0.04,0.04
1312,-0.17,-0.04,0.03
1315,-0.17,-0.08,0.03
1319,-0.17,-0.08,0.02
1320,-0.39,-0.08,0.02
1325,-0.39,-0.08,0.01
1326,0.06,-0.17,0.01
1329,0.06,-0.17,0.01
1332,-0.17,-0.17,0.01
1336,-0.17,-0.13,0.0
1338,0.28,-0.13,0.01
1341,-0.61,-0.13,-0.0
1343,-0.17,-0.02,-0.01
1347,-0.17,-0.02,-0.01
1349,-0.17,-0.02,-0.01
1353,-0.17,-0.16,-0.02
1355,-0.17,-0.16,-0.02
1359,-0.17,-0.16,-0.02
1361,-0.39,-0.17,-0.03
1365,-0.39,-0.17,-0.04
1367,0.28,-0.17,-0.03
1370,0.28,-0.0,-0.02
1374,0.28,-0.0,-0.02
1376,0.28,-0.0,-0.01
1379,-0.61,-0.0,-0.02
1384,0.06,-0.04,-0.02
1384,0.06,-0.04,-0.02
1387,0.06,-0.04,-0.02
1391,0.06,-0.16,-0.02
1394,0.06,-0.16,-0.02
1397,0.06,-0.16,-0.02
1399,0.73,-0.09,-0.0
1402,-0.17,-0.09,-0.0
1405,-0.17,-0.09,-0.01
1408,-0.39,-0.21,-0.01
1411,-0.39,-0.21,-0.02
1414,0.06,-0.21,-0.02
1417,0.06,-0.06,-0.02
1420,0.5,-0.06,-0.01
1423,-0.39,-0.06,-0.02
1425,0.06,-0.08,-0.02
1428,0.73,-0.08,-0.0
1432,0.73,-0.08,0.01
1434,0.28,-0.08,0.02
1437,0.28,0.04,0.02
1440,-0.17,0.04,0.02
1442,-0.17,0.04,0.02
1445,0.06,-0.04,0.02
1448,0.06,-0.04,0.02
1451,-0.17,-0.04,0.02
1454,0.06,-0.03,0.02
1457,0.06,-0.03,0.02
1460,0.28,-0.03,0.02
1463,0.28,-0.03,0.03
1465,0.28,0.01,0.03
1468,0.28,0.01,0.04
1471,-0.39,0.01,0.03
1474,-0.39,-0.06,0.02
1477,0.06,-0.06,0.02
1479,0.06,-0.06,0.02
1482,-0.17,-0.17,0.02
1485,0.06,-0.17,0.02
1488,0.06,-0.17,0.02
1491,0.06,-0.25,0.02
1494,0.06,-0.25,0.02
1496,0.28,-0.25,0.03
1499,0.28,-0.25,0.03
1503,0.06,-0.27,0.03
1505,0.06,-0.27,0.03
1508,-0.61,-0.27,0.02
1511,-0.61,-0.24,0.01
1514,-0.61,-0.24,-0.01
1517,0.06,-0.24,-0.0
1519,0.06,-0.03,-0.0
1522,0.06,-0.03,-0.0
1525,0.06,-0.03,-0.0
1528,-0.17,-0.14,-0.0
1531,0.06,-0.14,-0.0
1534,0.06,-0.14,-0.0
1537,-0.17,-0.14,-0.01
1540,-0.17,-0.11,-0.01
1543,0.06,-0.11,-0.01
1546,0.06,-0.11,-0.01
1549,-0.39,0.05,-0.01
1552,0.28,0.05,-0.01
1554,0.28,0.05,-0.0
1557,0.06,-0.11,-0.0
1560,0.06,-0.11,-0.0
1563,0.28,-0.11,0.01
1566,0.28,-0.25,0.01
1569,-0.39,-0.25,0.0
1571,-0.39,-0.25,-0.0
1574,-0.17,0.06,-0.01
1577,0.5,0.06,0.0
1580,0.5,0.06,0.01
1583,-0.39,0.06,0.0
1586,-0.39,-0.24,-0.0
1589,-0.17,-0.24,-0.01
1592,-0.17,-0.24,-0.01
1595,-0.17,-0.09,-0.01
1597,-0.17,-0.09,-0.02
1600,-0.17,-0.09,-0.02
1603,0.06,-0.14,-0.02
1606,0.06,-0.14,-0.02
1609,0.06,-0.14,-0.02
1612,0.06,-0.14,-0.01
1615,-0.17,-0.14,-0.02
1617,-0.17,-0.14,-0.02
1621,-0.17,-0.0,-0.02
1623,0.28,-0.0,-0.02
1627,0.28,-0.0,-0.01
1630,-0.17,-0.2,-0.01
1633,-0.17,-0.2,-0.02
1635,0.06,-0.2,-0.02
1638,0.95,-0.2,0.0
1641,0.5,-0.32,0.01
1646,-0.17,-0.32,0.01
1647,-0.17,-0.32,0.01
1650,0.06,-0.32,0.01
1652,0.06,-0.32,0.01
1655,0.06,-0.32,0.01
1660,0.06,-0.09,0.01
1662,0.06,-0.09,0.01
1664,0.95,-0.09,0.03
1667,0.28,-0.14,0.04
1669,0.06,-0.14,0.04
1672,0.06,-0.14,0.04
1675,0.5,-0.14,0.05
1677,0.5,-0.16,0.05
1681,0.06,-0.16,0.05
1683,0.06,-0.16,0.05
1686,-0.17,-0.21,0.05
1689,-0.17,-0.21,0.05
1692,-0.39,-0.21,0.04
1695,-0.17,-0.13,0.03
1698,-0.17,-0.13,0.03
1700,0.5,-0.13,0.04
1703,0.5,-0.21,0.05
1706,0.06,-0.21,0.05
1709,0.06,-0.21,0.05
1712,0.06,-0.21,0.05
1715,0.06,-0.0,0.05
1717,-0.39,-0.0,0.04
1720,0.28,-0.0,0.04
1723,0.28,0.07,0.05
1726,-0.39,0.07,0.04
1729,-0.39,0.07,0.03
1731,0.06,0.14,0.03
1734,0.06,0.14,0.03
1737,0.06,0.14,0.03
1739,0.06,0.14,0.03
1743,0.06,0.03,0.03
1745,0.06,0.03,0.03
1748,-0.61,0.03,0.02
1750,-0.61,0.04,0.01
1753,-0.17,0.04,0.01
1756,0.06,0.04,0.01
1759,0.06,-0.01,0.01
1762,-0.17,-0.01,0.0
1765,-0.17,-0.01,0.0
1768,-0.17,-0.01,-0.0
1770,-0.17,-0.05,-0.01
1774,0.28,-0.05,-0.0
1777,-0.61,-0.05,-0.01
1779,0.06,0.03,-0.01
1782,-0.17,0.03,-0.01
1785,-0.17,0.03,-0.02
1788,0.28,-0.07,-0.01
1791,0.28,-0.07,-0.01
1795,0.06,-0.07,-0.0
1797,0.06,-0.15,-0.0
1800,-0.39,-0.15,-0.01
1803,0.06,-0.15,-0.01
1805,0.06,-0.34,-0.01
1809,-0.17,-0.34,-0.01
1811,-0.17,-0.34,-0.01
1816,0.06,-0.25,-0.01
1817,0.06,-0.25,-0.01
1820,0.28,-0.25,-0.01
1823,-0.39,-0.25,-0.01
1826,-0.39,0.04,-0.02
1829,-0.17,0.04,-0.02
1832,-0.17,0.04,-0.03
1835,-0.17,-0.04,-0.03
1838,-0.17,-0.04,-0.03
1841,-0.39,-0.04,-0.04
1844,0.06,0.14,-0.04
1846,0.06,0.14,-0.04
1849,-0.39,0.14,-0.04
1852,-0.39,-0.04,-0.05
1855,-0.17,-0.04,-0.05
1858,-0.17,-0.04,-0.05
1862,-0.17,-0.26,-0.06
1864,0.06,-0.26,-0.05
1867,0.06,-0.26,-0.05
1870,-0.17,-0.05,-0.06
1873,-0.17,-0.05,-0.06
1876,0.5,-0.05,-0.05
1879,0.5,-0.05,-0.04
1882,0.28,0.05,-0.03
1885,-0.17,0.05,-0.03
1888,-0.17,0.05,-0.03
1891,-0.17,0.06,-0.04
1894,-0.17,0.06,-0.04
1896,0.06,0.06,-0.04
1899,0.06,-0.31,-0.04
1902,-0.17,-0.31,-0.04
1905,0.73,-0.31,-0.02
1908,0.5,-0.08,-0.01
1911,-0.17,-0.08,-0.02
1914,-0.17,-0.08,-0.02
1917,-0.17,-0.0,-0.02
1920,-0.17,-0.0,-0.02
1923,-0.39,-0.0,-0.03
1926,-0.39,-0.08,-0.04
1929,0.06,-0.08,-0.04
1932,-0.17,-0.08,-0.04
1935,-0.17,-0.08,-0.04
1938,0.28,-0.04,-0.04
1940,0.28,-0.04,-0.03
1944,0.28,-0.04,-0.02
1947,-0.61,-0.08,-0.04
1949,0.06,-0.08,-0.03
1952,-0.17,-0.08,-0.04
1955,-0.17,-0.03,-0.04
1958,0.28,-0.03,-0.03
1961,0.28,-0.03,-0.03
1964,0.28,0.01,-0.02
1967,-0.61,0.01,-0.03
1970,-0.39,0.01,-0.04
1972,0.06,-0.05,-0.04
1975,0.06,-0.05,-0.04
1979,0.5,-0.05,-0.02
1981,0.5,-0.11,-0.01
1984,0.28,-0.11,-0.01
1987,-0.61,-0.11,-0.02
1990,0.06,-0.11,-0.02
1994,0.5,0.04,-0.01
1996,0.5,0.04,0.0
1998,0.73,0.04,0.02
2002,0.73,-0.17,0.03
2004,2.96,-0.17,0.09
2007,2.96,-0.17,0.15
2011,1.62,-0.23,0.18
2013,1.62,-0.23,0.2
2015,2.07,-0.23,0.24
2018,-0.61,-0.23,0.22
2021,-0.17,-0.39,0.22
2024,-4.19,-0.39,0.13
2027,-4.19,-0.39,0.04
2030,-5.53,0.02,-0.07
2033,-5.53,0.02,-0.18
2035,1.62,0.02,-0.14
2038,-0.17,-0.13,-0.14
2041,-0.39,-0.13,-0.15
2044,-0.17,-0.13,-0.15
2047,-0.17,-0.33,-0.15
2050,0.73,-0.33,-0.13
2053,0.73,-0.33,-0.11
2056,0.95,-1.21,-0.09
2059,1.84,-1.21,-0.05
2062,1.17,-1.21,-0.03
2065,2.74,-2.16,0.03
2068,2.74,-2.16,0.08
2070,2.96,-2.16,0.14
2073,2.96,-2.16,0.19
2076,1.4,-2.61,0.22
2079,1.4,-2.61,0.24
2082,-1.51,-2.61,0.21
2085,-1.51,-2.82,0.17
2088,-1.28,-2.82,0.14
2091,-3.07,-2.82,0.08
2093,-3.07,-6.76,0.02
2096,-5.08,-6.76,-0.09
2099,-5.08,-6.76,-0.19
2103,-3.3,-12.62,-0.25
2106,2.74,-12.62,-0.19
2109,2.74,-12.62,-0.13
2112,1.17,-11.69,-0.1
2115,1.17,-11.69,-0.08
2118,0.95,-11.69,-0.06
2121,0.06,-11.85,-0.06
2124,-0.17,-11.85,-0.06
2127,1.17,-11.85,-0.03
2130,1.17,-15.73,-0.01
2133,1.4,-15.73,0.02
2136,1.4,-15.73,0.05
2139,3.41,-20.18,0.11
2142,4.08,-20.18,0.19
2145,4.08,-20.18,0.27
2147,4.97,-20.18,0.37
2150,4.97,-23.1,0.46
2153,6.09,-23.1,0.57
2156,6.09,-23.1,0.68
2159,4.52,-19.05,0.76
2162,5.42,-19.05,0.85
2165,5.42,-19.05,0.94
2168,2.96,-10.71,0.98
2171,2.96,-10.71,1.02
2174,3.85,-10.71,1.08
2177,3.85,-6.61,1.13
2180,3.41,-6.61,1.18
2182,3.41,-6.61,1.22
2185,2.96,-7.87,1.26
2188,3.18,-7.87,1.3
2191,3.18,-7.87,1.33
2194,3.85,-7.87,1.39
2197,3.85,-9.48,1.43
2199,3.63,-9.48,1.48
2202,3.63,-9.48,1.52
2205,3.18,-8.39,1.55
2208,2.29,-8.39,1.57
2211,2.07,-8.39,1.58
2213,1.84,-6.31,1.58
2216,1.84,-6.31,1.59
2219,1.84,-6.31,1.6
2222,1.84,-3.68,1.6
2225,2.29,-3.68,1.61
2228,2.29,-3.68,1.63
2230,3.18,-3.68,1.66
2233,3.18,1.71,1.69
2236,3.63,1.71,1.73
2239,3.63,1.71,1.77
2242,3.63,10.83,1.8
2244,3.63,10.83,1.84
2247,3.63,10.83,1.88
2250,2.96,22.01,1.9
2253,2.96,22.01,1.92
2256,2.51,22.01,1.93
2259,2.51,22.01,1.94
2261,2.51,32.9,1.95
2264,2.51,32.9,1.96
2267,2.51,32.9,1.98
2270,2.07,42.74,1.98
2273,2.07,42.74,1.98
2276,2.29,42.74,1.99
2279,2.29,50.11,1.99
2281,2.07,50.11,1.99
2284,2.07,50.11,1.99
2287,1.62,54.41,1.99
2290,1.62,54.41,1.98
2293,1.17,54.41,1.96
2296,1.4,54.41,1.95
2298,1.4,55.88,1.94
2301,0.5,55.88,1.91
2304,0.5,55.88,1.88
2307,0.5,54.75,1.86
2310,0.5,54.75,1.83
2313,-0.17,54.75,1.79
2316,-0.17,51.64,1.75
2319,-0.39,51.64,1.71
2322,-0.61,51.64,1.66
2325,-0.61,47.7,1.62
2327,-0.84,47.7,1.57
2330,-0.84,47.7,1.52
2333,-0.84,44.25,1.47
2336,-0.84,44.25,1.43
2339,-1.28,44.25,1.37
2343,-1.28,44.25,1.32
2346,-1.28,41.63,1.27
2348,-1.28,41.63,1.21
2351,-1.28,41.63,1.16
2354,-1.96,40.19,1.1
2357,-1.96,40.19,1.04
2360,-2.63,40.19,0.97
2363,-2.63,39.4,0.9
2366,-2.63,39.4,0.83
2369,-2.85,39.4,0.75
2371,-2.85,39.06,0.68
2374,-3.74,39.06,0.59
2377,-3.74,39.06,0.5
2380,-4.41,38.74,0.41
2384,-3.97,38.74,0.32
2386,-3.97,38.74,0.23
2390,-3.97,38.22,0.15
2392,-3.97,38.22,0.07
2395,-3.3,38.22,-0.0
2398,-4.19,38.22,-0.08
2402,-4.19,37.46,-0.17
2404,-4.41,37.46,-0.25
2409,-4.41,37.46,-0.33
2411,-4.19,36.44,-0.41
2413,-4.19,36.44,-0.49
2417,-4.41,36.44,-0.57
2420,-4.41,35.71,-0.64
2422,-4.41,35.71,-0.72
2425,-5.08,35.71,-0.81
2428,-5.08,34.96,-0.89
2431,-5.31,34.96,-0.98
2434,-5.31,34.96,-1.07
2437,-5.53,33.99,-1.15
2441,-5.75,33.99,-1.25
2444,-5.75,33.99,-1.34
2447,-6.42,32.43,-1.44
2449,-6.42,32.43,-1.54
2454,-6.87,32.43,-1.65
2456,-6.42,29.75,-1.74
2459,-6.42,29.75,-1.83
2462,-6.42,29.75,-1.93
2465,-6.42,25.72,-2.02
2468,-6.2,25.72,-2.1
2471,-5.98,25.72,-2.18
2474,-5.98,19.75,-2.25
2477,-6.42,19.75,-2.34
2480,-6.42,19.75,-2.42
2483,-6.65,12.77,-2.5
2486,-7.54,12.77,-2.6
2489,-7.32,12.77,-2.7
2492,-7.32,5.28,-2.79
2495,-7.32,5.28,-2.88
2498,-7.32,5.28,-2.97
2501,-7.32,-2.3,-3.06
2504,-7.09,-2.3,-3.14
2507,-8.21,-2.3,-3.24
2510,-8.21,-7.72,-3.34
2513,-7.77,-7.72,-3.43
2516,-7.77,-7.72,-3.51
2519,-7.09,-7.72,-3.59
2522,-8.88,-10.81,-3.69
2525,-8.88,-10.81,-3.8
2528,-6.87,-10.81,-3.86
2531,-6.87,-13.74,-3.92
2534,-5.75,-13.74,-3.95
2537,-5.75,-13.74,-3.99
2540,-5.31,-16.49,-4.02
2543,-5.75,-16.49,-4.05
2547,-5.75,-18.73,-4.08
2550,-6.42,-18.73,-4.13
2553,-6.2,-18.73,-4.17
2556,-6.2,-22.13,-4.21
2559,-6.42,-22.13,-4.26
2562,-6.42,-22.13,-4.3
2565,-7.09,-26.53,-4.36
2568,-7.77,-26.53,-4.43
2571,-7.77,-26.53,-4.49
2575,-7.09,-31.85,-4.54
2578,-7.09,-31.85,-4.6
2581,-6.2,-31.85,-4.63
2584,-6.65,-34.97,-4.67
2587,-6.65,-34.97,-4.71
2590,-5.31,-34.97,-4.72
2593,-5.31,-35.45,-4.73
2596,-5.53,-35.45,-4.75
2600,-5.31,-35.45,-4.76
2603,-5.31,-34.32,-4.77
2606,-5.31,-34.32,-4.78
2609,-4.41,-34.32,-4.77
2612,-5.08,-32.36,-4.78
2615,-3.97,-32.36,-4.76
2618,-3.97,-32.36,-4.75
2621,-3.97,-29.92,-4.73
2624,-3.97,-29.92,-4.72
2628,-3.97,-29.92,-4.7
2631,-3.97,-27.75,-4.69
2635,-3.97,-27.75,-4.67
2638,-3.3,-27.75,-4.64
2641,-3.3,-26.15,-4.62
2645,-3.3,-26.15,-4.59
2648,-3.97,-26.15,-4.58
2652,-3.97,-25.59,-4.57
2652,-4.64,-25.59,-4.57
2656,-5.31,-25.59,-4.58
2659,-5.31,-24.58,-4.6
2662,-4.64,-24.58,-4.6
2666,-4.64,-24.58,-4.6
2671,-4.19,-23.09,-4.59
2672,-3.3,-23.09,-4.56
2676,-3.3,-23.09,-4.54
2677,-3.52,-20.93,-4.52
2680,-3.52,-20.93,-4.5
2684,-3.74,-20.93,-4.48
2687,-3.74,-18.75,-4.47
2690,-3.74,-18.75,-4.45
2693,-3.74,-18.75,-4.44
2697,-3.74,-16.45,-4.43
2699,-3.74,-16.45,-4.41
2702,-3.52,-16.45,-4.39
2705,-3.52,-14.68,-4.38
2708,-2.85,-14.68,-4.35
2712,-3.74,-14.68,-4.33
2715,-3.52,-12.36,-4.32
2718,-3.07,-12.36,-4.29
2721,-3.07,-12.36,-4.27
2724,-2.4,-9.32,-4.23
2727,-3.3,-9.32,-4.21
2730,-2.63,-9.32,-4.18
2733,-2.85,-6.52,-4.15
2736,-2.85,-6.52,-4.13
2739,-2.63,-6.52,-4.1
2742,-2.63,-4.72,-4.07
2745,-1.73,-4.72,-4.02
2748,-2.18,-4.72,-3.99
2751,-2.18,-5.05,-3.95
2756,-3.07,-5.05,-3.93
2757,-3.07,-5.05,-3.91
2759,-3.74,-6.74,-3.91
2764,-3.74,-6.74,-3.91
2766,-3.97,-6.74,-3.91
2768,-4.19,-9.73,-3.91
2772,-4.19,-9.73,-3.92
2775,-4.19,-9.73,-3.93
2777,-4.19,-11.97,-3.93
2781,-3.74,-11.73,-3.93
2784,-3.3,-11.73,-3.91
2788,-3.3,-11.25,-3.9
2790,-2.85,-11.25,-3.88
2793,-2.85,-11.25,-3.86
2797,-2.63,-9.17,-3.84
2799,-1.96,-9.17,-3.8
2802,-1.96,-9.17,-3.76
2805,-2.85,-9.17,-3.74
2809,-2.85,-6.92,-3.72
2811,-2.85,-6.92,-3.71
2815,-2.63,-6.92,-3.69
2817,-2.63,-5.57,-3.66
2821,-2.4,-5.57,-3.64
2823,-2.4,-5.57,-3.61
2826,-2.63,-5.57,-3.59
2830,-2.63,-5.57,-3.58
2833,-3.07,-5.57,-3.57
2836,-3.3,-6.78,-3.56
2839,-3.3,-6.78,-3.55
2841,-3.3,-6.78,-3.55
2844,-3.3,-7.7,-3.54
2847,-2.63,-7.7,-3.53
2851,-2.18,-7.7,-3.5
2854,-2.18,-8.33,-3.47
2857,-2.63,-8.33,-3.46
2859,-2.63,-8.33,-3.44
2862,-3.07,-7.83,-3.43
2865,-3.07,-7.83,-3.42
2869,-3.3,-7.83,-3.42
2871,-3.52,-7.05,-3.42
2874,-3.52,-7.05,-3.43
2877,-3.3,-7.05,-3.42
2881,-3.3,-6.41,-3.42
2884,-3.3,-6.41,-3.42
2887,-3.3,-6.41,-3.42
2889,-3.3,-5.63,-3.41
2892,-2.85,-5.63,-3.4
2895,-2.85,-5.63,-3.39
2899,-2.63,-5.03,-3.38
2902,-2.63,-5.03,-3.36
2905,-2.63,-5.03,-3.35
2908,-2.18,-3.78,-3.32
2911,-2.18,-3.78,-3.3
2913,-2.4,-3.78,-3.28
2916,-2.4,-3.78,-3.26
2920,-2.4,-2.47,-3.25
2923,-1.51,-2.47,-3.21
2926,-1.51,-2.47,-3.18
2929,-1.06,-2.03,-3.14
2932,-1.06,-2.03,-3.09
2935,-2.18,-2.03,-3.08
2938,-1.73,-1.68,-3.05
2941,-1.73,-1.68,-3.02
2944,-1.51,-1.68,-2.99
2947,-1.51,-1.54,-2.96
2950,-1.06,-1.54,-2.92
2953,-0.17,-1.54,-2.87
2956,-0.61,-1.49,-2.82
2959,-1.06,-1.49,-2.79
2962,-1.06,-1.49,-2.75
2965,-1.51,-1.72,-2.73
2968,-1.51,-1.72,-2.71
2971,-1.28,-1.72,-2.68
2974,-0.84,-1.63,-2.64
2977,-0.84,-1.63,-2.6
2980,-0.61,-1.63,-2.56
2985,-0.61,-1.51,-2.53
2986,-1.51,-1.51,-2.5
2989,-1.51,-1.51,-2.49
2992,-1.51,-0.95,-2.47
2995,-1.73,-0.95,-2.45
2998,-1.73,-0.95,-2.44
3001,-2.4,-0.96,-2.44
3004,-2.4,-0.96,-2.44
3007,-2.4,-0.96,-2.43
3010,-2.4,-1.28,-2.43
3013,-2.4,-1.28,-2.43
3016,-2.63,-1.28,-2.44
3019,-2.63,-1.14,-2.44
3023,-2.85,-1.14,-2.45
3026,-1.96,-1.14,-2.44
3028,-1.96,-1.14,-2.43
3031,-2.4,-0.22,-2.43
3034,-2.4,-0.22,-2.43
3037,-1.73,-0.22,-2.41
3040,-1.73,1.07,-2.4
3043,-1.73,1.07,-2.39
3045,-1.73,1.07,-2.37
3048,-1.73,2.72,-2.36
3051,-2.18,2.72,-2.36
3054,-2.18,2.72,-2.35
3057,-3.07,4.45,-2.37
3060,-3.07,4.45,-2.38
3064,-2.18,4.45,-2.38
3065,-2.4,5.49,-2.38
3068,-2.4,5.49,-2.38
3071,-1.73,5.49,-2.37
3074,-1.73,5.99,-2.35
3077,-1.28,5.99,-2.33
3080,-1.28,5.99,-2.31
3083,-1.28,6.16,-2.29
3086,-1.28,6.16,-2.27
3089,-1.28,6.16,-2.25
3092,-1.28,6.16,-2.23
3095,-1.28,5.23,-2.21
3098,-1.51,5.23,-2.2
3100,-1.51,5.23,-2.18
3103,-1.28,4.09,-2.17
3106,-1.28,4.09,-2.15
3109,-1.06,4.09,-2.13
3112,-1.51,1.89,-2.12
3115,-1.51,1.89,-2.1
3118,-1.06,1.89,-2.08
3121,-1.06,-1.72,-2.06
3124,-1.73,-1.72,-2.06
3127,-0.84,-1.72,-2.03
3130,-1.51,-5.79,-2.02
3133,-1.06,-5.79,-2.0
3136,-1.06,-5.79,-1.98
3139,-1.28,-8.88,-1.97
3142,-1.28,-8.88,-1.95
3145,-0.84,-8.88,-1.93
3148,-0.61,-10.9,-1.91
3151,-0.61,-10.9,-1.88
3154,-0.17,-10.9,-1.85
3157,-0.17,-11.75,-1.81
3161,-0.61,-11.75,-1.79
3164,-0.84,-11.75,-1.77
3167,-0.84,-12.21,-1.75
3170,-1.06,-12.21,-1.74
3173,-1.06,-12.21,-1.72
3176,-0.61,-12.52,-1.7
3179,-0.84,-12.52,-1.68
3182,-0.84,-12.52,-1.67
3185,-2.18,-11.74,-1.68
3189,-2.18,-11.74,-1.69
3192,-1.96,-11.74,-1.69
3195,-2.18,-10.85,-1.7
3198,-2.18,-10.85,-1.71
3201,-2.4,-10.85,-1.73
3204,-2.4,-9.88,-1.74
3207,-2.4,-9.88,-1.75
3210,-1.96,-9.88,-1.76
3213,-1.96,-8.44,-1.76
3216,-2.4,-8.44,-1.77
3219,-2.4,-8.44,-1.79
3222,-1.51,-5.93,-1.78
3225,-1.28,-5.93,-1.77
3228,-1.28,-5.93,-1.76
3231,-1.51,-5.93,-1.76
3234,-1.51,-1.9,-1.75
3237,-1.28,-1.9,-1.74
3240,-1.28,-1.9,-1.73
3243,-1.06,2.81,-1.72
3246,-0.61,2.81,-1.7
3249,-0.61,2.81,-1.68
3252,-0.17,7.89,-1.65
3255,-0.17,7.89,-1.62
3257,-0.84,7.89,-1.6
3260,-0.84,11.52,-1.58
3264,-1.06,11.52,-1.57
3267,-1.06,11.52,-1.56
3270,-1.06,12.05,-1.55
3273,-0.84,12.05,-1.54
3276,-0.84,12.05,-1.53
3279,-0.84,10.13,-1.51
3282,-0.61,10.13,-1.49
3285,-0.61,10.13,-1.48
3288,-0.61,7.49,-1.46
3290,-0.61,7.49,-1.44
3293,-0.39,7.49,-1.42
3296,-0.39,5.82,-1.4
3299,-0.17,5.82,-1.38
3302,-0.17,5.82,-1.35
3305,-0.17,5.82,-1.33
3308,0.06,5.87,-1.3
3311,0.06,5.87,-1.27
3314,-0.17,5.87,-1.25
3317,-0.17,6.14,-1.23
3319,0.73,6.14,-1.19
3322,0.73,6.14,-1.15
3325,0.73,5.53,-1.11
3328,0.5,5.53,-1.08
3331,0.5,5.53,-1.05
3334,0.73,4.24,-1.01
3336,0.73,4.24,-0.98
3339,1.17,4.24,-0.94
3342,1.17,4.24,-0.89
3345,1.62,1.57,-0.84
3348,1.62,1.57,-0.8
3350,1.84,1.57,-0.74
3353,2.07,-0.41,-0.69
3356,2.07,-0.41,-0.63
3359,1.17,-0.41,-0.6
3362,1.17,-1.59,-0.56
3365,1.17,-1.59,-0.53
3368,1.17,-1.59,-0.49
3371,0.28,-2.22,-0.48
3374,-0.84,-2.22,-0.48
3377,-0.84,-2.22,-0.49
3380,-0.39,-1.86,-0.49
3383,-0.39,-1.86,-0.49
3386,-0.17,-1.86,-0.48
3389,-0.17,-1.13,-0.47
3392,0.06,-1.13,-0.46
3395,-0.39,-1.13,-0.46
3398,-0.39,-1.13,-0.46
3401,0.5,-0.7,-0.44
3404,0.5,-0.7,-0.42
3407,0.5,-0.7,-0.4
3409,0.5,0.24,-0.39
3412,0.73,0.24,-0.36
3415,1.84,0.24,-0.32
3418,1.84,2.23,-0.28
3421,2.07,2.23,-0.23
3423,2.07,2.23,-0.18
3426,1.84,4.4,-0.14
3429,1.84,4.4,-0.1
3432,0.95,4.4,-0.08
3435,1.84,4.4,-0.04
3438,1.17,5.5,-0.02
3440,1.17,5.5,0.01
3443,1.17,5.5,0.03
3446,0.5,5.91,0.04
3449,0.5,5.91,0.05
3451,-0.84,5.91,0.03
3454,-0.84,6.26,0.01
3458,-0.17,6.26,0.01
3460,-0.17,6.26,0.0
3463,0.28,6.26,0.01
3465,0.28,7.11,0.02
3468,0.5,7.11,0.03
3471,0.5,7.11,0.04
3473,0.28,9.35,0.04
3476,0.5,9.35,0.05
3479,0.5,9.35,0.06
3482,1.84,11.59,0.09
3485,1.84,11.59,0.13
3488,2.74,11.59,0.18
3490,2.74,11.59,0.23
3493,3.18,14.28,0.29
3496,3.18,14.28,0.35
3499,3.63,14.28,0.41
3502,4.52,16.69,0.5
3505,4.08,16.69,0.57
3507,3.41,16.69,0.63
3510,3.41,17.25,0.68
3513,3.41,17.25,0.74
3516,3.41,17.25,0.79
3519,3.85,17.06,0.85
3522,3.85,17.06,0.91
3525,3.41,17.06,0.96
3527,3.41,17.06,1.01
3530,3.18,15.86,1.05
3533,2.74,15.86,1.09
3536,2.74,15.86,1.12
3539,2.74,13.73,1.15
3542,2.74,13.73,1.18
3545,2.51,13.73,1.21
3547,2.51,11.16,1.24
3550,2.74,11.16,1.27
3553,3.63,11.16,1.31
3556,3.41,8.99,1.36
3559,4.08,8.99,1.41
3561,4.08,8.99,1.46
3564,4.75,8.99,1.53
3567,4.75,7.96,1.59
3570,5.87,7.96,1.68
3572,5.87,7.96,1.76
3575,7.21,7.91,1.87
3578,7.21,7.91,1.98
3580,6.54,7.91,2.07
3583,6.54,7.71,2.16
3586,4.75,7.71,2.21
3589,4.75,7.71,2.26
3591,3.41,7.71,2.28
3594,2.51,5.98,2.29
3597,2.51,5.98,2.29
3600,1.84,5.98,2.28
3602,1.84,2.45,2.28
3605,1.17,2.45,2.25
3608,1.17,2.45,2.23
3611,1.17,2.45,2.21
3613,1.17,-1.72,2.19
3616,0.95,-1.72,2.17
3619,0.95,-1.72,2.14
3622,2.07,-5.36,2.14
3625,2.07,-5.36,2.14
3628,2.74,-5.36,2.15
3630,3.41,-6.87,2.17
3633,3.41,-6.87,2.2
3636,3.41,-6.87,2.22
3639,3.41,-4.94,2.25
3642,3.85,-4.94,2.28
3645,3.85,-4.94,2.31
3647,4.08,-4.94,2.35
3650,4.08,-1.29,2.38
3653,3.18,-1.29,2.4
3656,3.18,-1.29,2.41
3659,2.96,2.13,2.42
3661,2.96,2.13,2.43
3664,2.96,2.13,2.45
3667,2.74,3.5,2.45
3670,2.74,3.5,2.46
3672,3.18,3.5,2.47
3675,3.18,3.5,2.49
3678,2.74,3.05,2.49
3681,2.74,3.05,2.5
3683,2.07,3.05,2.49
3686,2.07,1.82,2.48
3689,2.07,1.82,2.47
3692,2.07,1.82,2.46
3694,2.07,1.03,2.45
3697,1.17,1.03,2.43
3700,1.62,1.03,2.41
3703,1.62,1.03,2.4
3705,1.62,1.3,2.38
3708,1.4,1.3,2.36
3711,1.4,1.3,2.34
3714,1.62,1.74,2.33
3716,1.62,1.74,2.31
3719,2.07,1.74,2.31
3722,2.07,1.74,2.3
3725,2.51,2.43,2.31
3727,2.51,2.43,2.31
3730,2.74,2.43,2.32
3733,2.74,3.05,2.33
3735,2.29,3.05,2.33
3738,1.4,3.05,2.31
3741,1.4,2.77,2.29
3744,1.17,2.77,2.27
3746,1.17,2.77,2.25
3749,0.95,2.77,2.22
3752,0.95,0.62,2.2
3755,-0.39,0.62,2.14
3758,-0.39,0.62,2.09
3760,0.06,-1.61,2.05
3763,0.06,-1.61,2.01
3766,0.73,-1.61,1.99
3769,-0.17,-2.86,1.94
3772,0.06,-2.86,1.91
3775,-0.39,-2.86,1.86
3778,-0.39,-2.86,1.81
3781,-1.06,-3.15,1.76
3783,-1.06,-3.15,1.7
3786,-0.61,-3.15,1.65
3789,-0.61,-2.51,1.61
3792,-0.84,-2.51,1.56
3795,-0.84,-2.51,1.51
3798,-0.84,-0.04,1.47
3801,-1.06,-0.04,1.41
3804,-1.06,-0.04,1.37
3807,-1.06,4.45,1.32
3810,-1.06,4.45,1.27
3812,-0.17,4.45,1.24
3815,-0.17,10.14,1.21
3818,-0.17,10.14,1.18
3821,-0.17,10.14,1.16
3824,-0.17,10.14,1.13
3827,0.28,15.48,1.11
3830,0.28,15.48,1.1
3833,1.62,15.48,1.11
3835,1.62,20.62,1.12
3838,2.51,20.62,1.15
3841,3.41,20.62,1.19
3844,3.41,25.02,1.24
3847,3.41,25.02,1.28
3850,3.41,25.02,1.32
3853,3.85,27.63,1.37
3855,3.85,27.63,1.42
3858,4.08,27.63,1.48
3861,4.08,27.63,1.53
3864,4.3,27.68,1.58
3867,4.52,27.68,1.64
3870,4.52,27.68,1.7
3872,4.52,24.13,1.76
3875,4.52,24.13,1.81
3878,3.85,24.13,1.85
3881,3.85,18.46,1.89
3884,4.08,18.46,1.94
3887,4.08,18.46,1.98
3890,4.75,13.23,2.03
3892,4.75,13.23,2.09
3895,4.75,13.23,2.14
3898,3.63,13.23,2.17
3901,3.63,8.65,2.2
3904,3.18,8.65,2.22
3906,3.18,8.65,2.24
3909,3.85,4.34,2.27
3912,3.85,4.34,2.3
3915,3.41,4.34,2.33
3917,3.41,0.74,2.35
3920,2.74,0.74,2.35
3923,2.74,0.74,2.36
3926,2.51,0.74,2.37
3928,2.29,-1.01,2.36
3931,2.29,-1.01,2.36
3934,2.07,-1.01,2.36
3937,2.07,-0.18,2.35
3940,1.84,-0.18,2.34
3943,1.84,-0.18,2.33
3945,1.17,2.66,2.31
3948,1.17,2.66,2.28
3951,0.73,2.66,2.25
3954,0.73,2.66,2.22
3956,0.95,7.35,2.2
3959,1.17,7.35,2.18
3962,1.17,7.35,2.16
3965,1.4,13.5,2.14
3968,1.4,13.5,2.13
3970,0.95,13.5,2.1
3973,0.95,19.5,2.08
3977,0.5,19.5,2.05
3979,0.5,19.5,2.02
3982,1.4,25.04,2.01
3985,1.4,25.04,1.99
3987,1.84,25.04,1.99
3991,1.84,25.04,1.99
3993,1.84,29.99,1.98
3996,1.17,29.99,1.97
4000,1.17,29.99,1.95
4002,0.5,34.45,1.92
4005,0.5,34.45,1.89
4007,0.95,34.45,1.88
4010,0.06,38.3,1.84
4014,-0.39,38.3,1.8
4017,-1.28,38.3,1.73
4019,-1.28,43.13,1.67
4022,-3.07,43.13,1.58
4025,-3.07,43.13,1.49
4028,-3.97,43.13,1.38
4031,-3.97,48.37,1.27
4034,-4.19,48.37,1.16
4037,-5.08,48.37,1.04
4040,-5.08,53.8,0.91
4043,-5.53,53.8,0.78
4045,-5.53,53.8,0.66
4048,-5.98,59.36,0.53
4051,-5.98,59.36,0.39
4054,-5.53,59.36,0.28
4057,-5.53,64.93,0.16
4060,-5.53,64.93,0.05
4063,-4.64,64.93,-0.05
4066,-4.64,70.92,-0.14
4073,-3.74,70.92,-0.21
4074,-4.64,70.92,-0.3
4078,-4.41,77.45,-0.38
4079,-4.64,77.45,-0.47
4081,-4.64,77.45,-0.55
4085,-4.19,82.51,-0.62
4090,-4.19,82.51,-0.69
4090,-4.41,82.51,-0.77
4093,-5.08,86.32,-0.86
4096,-5.08,86.32,-0.94
4099,-5.31,86.32,-1.03
4102,-5.31,87.89,-1.11
4106,-6.2,87.89,-1.21
4109,-6.2,87.89,-1.31
4113,-6.2,87.89,-1.41
4115,-5.98,86.94,-1.5
4118,-5.98,86.94,-1.59
4121,-6.87,86.94,-1.7
4125,-8.66,84.21,-1.84
4127,-8.44,84.21,-1.97
4130,-8.66,84.21,-2.1
4133,-8.66,79.32,-2.23
4135,-9.33,79.32,-2.38
4139,-9.33,79.32,-2.52
4142,-9.78,73.29,-2.66
4145,-10.0,73.29,-2.81
4148,-10.0,73.29,-2.95
4151,-10.67,67.44,-3.11
4154,-10.67,67.44,-3.26
4157,-11.34,67.44,-3.42
4161,-12.01,61.26,-3.59
4164,-12.01,61.26,-3.76
4167,-12.9,61.26,-3.94
4170,-12.9,55.83,-4.12
4173,-12.68,55.83,-4.29
4176,-14.02,55.83,-4.49
4181,-14.02,51.9,-4.68
4182,-14.47,51.9,-4.87
4185,-14.69,51.9,-5.07
4188,-14.69,49.36,-5.26
4193,-15.14,49.36,-5.46
4195,-15.14,49.36,-5.65
4197,-14.25,48.15,-5.82
4201,-14.69,48.15,-6.0
4204,-14.69,47.78,-6.18
4208,-14.92,47.78,-6.35
4211,-14.92,47.78,-6.52
4214,-15.36,48.24,-6.7
4216,-15.36,48.24,-6.87
4220,-15.36,48.24,-7.04
4223,-14.92,48.81,-7.2
4226,-14.92,48.81,-7.35
4230,-14.69,48.81,-7.5
4232,-15.14,49.02,-7.65
4236,-15.14,49.02,-7.8
4239,-15.36,49.02,-7.95
4242,-16.48,49.88,-8.12
4245,-16.48,49.88,-8.29
4248,-17.15,49.88,-8.47
4252,-17.15,50.85,-8.64
4254,-17.6,50.85,-8.82
4258,-17.37,50.85,-8.99
4260,-17.37,51.97,-9.16
4263,-17.15,51.97,-9.32
4267,-17.15,51.97,-9.48
4270,-17.82,53.03,-9.64
4273,-18.49,53.03,-9.82
4276,-18.49,53.03,-9.99
4279,-18.71,53.65,-10.17
4283,-17.82,53.65,-10.32
4285,-18.04,53.65,-10.48
4290,-19.83,53.29,-10.66
4293,-19.83,53.29,-10.85
4296,-19.38,53.29,-11.02
4299,-18.04,53.37,-11.16
4302,-18.04,53.37,-11.3
4306,-20.28,53.37,-11.48
4309,-21.4,55.13,-11.67
4312,-21.4,55.13,-11.87
4316,-22.29,55.13,-12.08
4319,-22.29,60.87,-12.28
4322,-22.29,60.87,-12.48
4325,-22.07,66.61,-12.67
4329,-22.07,66.61,-12.86
4332,-21.62,66.61,-13.04
4336,-23.41,69.33,-13.24
4339,-23.41,69.33,-13.45
4342,-23.63,69.33,-13.65
4345,-23.63,68.48,-13.85
4348,-23.63,68.48,-14.05
4351,-23.85,68.48,-14.24
4354,-23.85,65.66,-14.43
4359,-25.19,65.66,-14.65
4361,-24.52,65.66,-14.85
4364,-24.52,63.31,-15.04
4367,-24.08,63.31,-15.22
4371,-24.52,63.31,-15.41
4374,-24.52,61.77,-15.59
4377,-22.96,61.77,-15.74
4380,-23.85,61.77,-15.9
4384,-23.41,60.58,-16.05
4387,-23.85,60.58,-16.21
4390,-23.85,60.51,-16.36
4393,-24.97,60.51,-16.53
4397,-26.31,60.51,-16.73
4400,-26.31,61.54,-16.92
4403,-25.64,61.54,-17.09
4407,-26.54,61.54,-17.28
4409,-26.54,60.82,-17.47
4412,-26.98,60.82,-17.66
4416,-26.98,60.82,-17.84
4419,-27.21,57.77,-18.03
4422,-27.21,57.77,-18.21
4425,-27.21,57.77,-18.39
4429,-28.32,55.01,-18.59
4431,-28.1,55.01,-18.78
4435,-28.1,55.01,-18.97
4438,-28.55,52.94,-19.16
4442,-29.44,52.94,-19.37
4445,-29.44,52.94,-19.57
4448,-28.99,51.6,-19.76
4451,-28.99,51.6,-19.94
4454,-29.44,51.33,-20.13
4458,-29.66,51.33,-20.32
4462,-29.66,51.33,-20.51
4464,-30.33,51.35,-20.7
4467,-29.44,51.35,-20.88
4470,-30.11,51.35,-21.06
4474,-31.67,50.41,-21.28
4478,-31.67,50.41,-21.48
4480,-31.9,50.41,-21.69
4483,-31.9,50.32,-21.9
4487,-31.9,50.32,-22.1
4490,-31.9,50.32,-22.29
4494,-31.23,51.67,-22.47
4496,-31.23,51.67,-22.65
4500,-31.0,51.67,-22.81
4503,-31.0,53.58,-22.98
4506,-31.23,53.58,-23.14
4510,-31.0,53.58,-23.3
4513,-31.0,55.7,-23.45
4516,-31.45,55.7,-23.61
4519,-31.23,56.81,-23.77
4523,-31.23,56.81,-23.92
4526,-32.12,56.81,-24.08
4529,-31.23,56.22,-24.22
4532,-31.9,56.22,-24.38
4535,-32.12,56.22,-24.53
4538,-32.12,54.43,-24.68
4542,-31.67,54.43,-24.82
4545,-31.45,54.43,-24.95
4548,-31.45,51.91,-25.08
4551,-31.9,51.91,-25.22
4555,-31.23,51.91,-25.34
4558,-31.23,49.46,-25.46
4561,-31.9,49.46,-25.59
4564,-31.9,49.46,-25.71
4567,-33.46,47.24,-25.87
4571,-32.79,47.24,-26.01
4574,-32.79,47.24,-26.14
4577,-33.24,45.35,-26.28
4580,-33.24,45.35,-26.42
4584,-33.24,44.53,-26.56
4587,-33.02,44.53,-26.69
4590,-33.91,44.53,-26.83
4593,-33.91,44.05,-26.98
4597,-33.69,44.05,-27.11
4600,-33.69,44.05,-27.24
4603,-33.91,43.37,-27.37
4606,-36.14,43.37,-27.55
4610,-36.14,43.37,-27.72
4613,-35.7,41.35,-27.88
4616,-34.8,41.35,-28.02
4619,-35.47,41.35,-28.17
4623,-35.7,39.1,-28.32
4626,-35.7,39.1,-28.47
4629,-35.92,39.1,-28.62
4632,-35.92,38.4,-28.76
4635,-35.92,38.4,-28.91
4639,-35.7,38.4,-29.04
4642,-35.47,39.43,-29.17
4645,-35.47,39.43,-29.3
4648,-36.14,41.41,-29.43
4652,-36.14,41.41,-29.57
4655,-36.59,41.41,-29.71
4658,-36.14,43.07,-29.84
4661,-36.14,43.07,-29.96
4665,-35.7,43.07,-30.08
4668,-36.37,44.17,-30.2
4671,-36.37,44.17,-30.33
4675,-36.14,44.17,-30.44
4678,-37.04,44.02,-30.57
4681,-36.59,44.02,-30.69
4684,-36.81,44.02,-30.82
4687,-36.81,43.23,-30.94
4691,-37.04,43.23,-31.06
4694,-37.93,43.23,-31.2
4697,-37.93,41.63,-31.33
4700,-38.6,41.63,-31.48
4704,-39.27,41.63,-31.63
4707,-39.27,40.15,-31.79
4710,-39.72,40.15,-31.94
4713,-39.72,38.81,-32.1
4717,-39.94,38.81,-32.26
4720,-40.39,38.81,-32.42
4723,-40.39,39.08,-32.58
4727,-40.39,39.08,-32.73
4729,-39.94,39.08,-32.88
4733,-39.94,42.18,-33.02
4736,-40.61,42.18,-33.17
4740,-41.51,42.18,-33.34
4743,-41.51,47.12,-33.5
4746,-41.73,47.12,-33.67
4749,-41.73,47.12,-33.83
4752,-42.4,50.99,-34.0
4755,-42.18,50.99,-34.16
4760,-42.18,50.99,-34.32
4762,-42.18,53.72,-34.48
4765,-43.07,53.72,-34.65
4768,-42.85,53.72,-34.82
4772,-42.62,56.05,-34.97
4775,-42.62,56.05,-35.12
4778,-41.73,59.26,-35.26
4781,-41.73,59.26,-35.39
4785,-41.73,59.26,-35.51
4788,-40.84,62.26,-35.62
4791,-40.84,62.26,-35.72
4795,-40.84,62.26,-35.83
4798,-40.39,65.13,-35.92
4801,-41.28,65.13,-36.02
4804,-41.06,65.13,-36.13
4808,-41.51,66.02,-36.23
4812,-41.51,66.02,-36.34
4814,-41.73,66.02,-36.45
4817,-42.18,64.81,-36.56
4820,-42.18,64.81,-36.67
4823,-42.4,64.81,-36.79
4827,-42.4,62.77,-36.9
4830,-42.4,62.77,-37.01
4833,-42.4,62.77,-37.12
4836,-42.4,61.04,-37.22
4840,-42.85,61.04,-37.34
4843,-42.85,61.04,-37.45
4846,-42.85,59.25,-37.55
4849,-41.95,59.25,-37.64
4853,-41.95,57.3,-37.73
4857,-41.95,57.3,-37.81
4859,-42.18,57.3,-37.9
4862,-42.18,56.45,-37.99
4866,-42.4,56.45,-38.07
4869,-42.85,56.45,-38.17
4872,-42.85,54.86,-38.26
4875,-42.18,54.86,-38.34
4879,-42.62,54.86,-38.43
4882,-42.62,52.11,-38.51
4885,-42.4,52.11,-38.59
4888,-42.4,52.11,-38.67
4892,-42.4,49.24,-38.74
4895,-43.07,49.24,-38.83
4898,-43.07,49.24,-38.91
4901,-43.52,46.06,-39.0
4905,-44.63,46.06,-39.12
4908,-44.63,46.06,-39.23
4912,-44.41,42.06,-39.33
4914,-45.08,42.06,-39.45
4918,-45.08,37.01,-39.56
4921,-45.08,37.01,-39.67
4924,-45.08,37.01,-39.78
4927,-45.53,32.11,-39.89
4930,-46.2,32.11,-40.02
4934,-46.2,32.11,-40.14
4937,-45.75,28.71,-40.25
4940,-47.09,28.71,-40.39
4943,-47.09,28.71,-40.52
4947,-46.65,26.33,-40.65
4950,-47.54,26.33,-40.78
4953,-47.32,26.33,-40.92
4956,-47.99,25.24,-41.06
4960,-47.99,25.24,-41.2
4963,-47.76,25.24,-41.33
4966,-47.54,25.26,-41.45
4969,-47.54,25.26,-41.57
4973,-46.65,25.26,-41.67
4976,-46.87,25.81,-41.78
4979,-46.87,25.81,-41.88
4982,-47.09,26.08,-41.98
4986,-47.09,26.08,-42.09
4989,-47.32,26.08,-42.19
4992,-47.99,25.73,-42.31
4995,-47.99,25.73,-42.42
4999,-47.99,25.73,-42.53
5002,-48.21,24.82,-42.65
5005,-48.21,24.82,-42.76
5008,-48.43,24.82,-42.87
5012,-47.54,23.64,-42.96
5015,-47.99,23.64,-43.06
5018,-47.32,23.64,-43.15
5021,-47.32,23.36,-43.23
5025,-46.65,23.36,-43.3
5028,-44.19,23.36,-43.32
5031,-44.19,23.3,-43.34
5035,-44.63,23.3,-43.36
5038,-44.86,23.3,-43.39
5041,-44.86,21.47,-43.42
5044,-45.08,21.47,-43.45
5047,-45.08,16.46,-43.49
5050,-44.41,16.46,-43.51
5054,-44.19,16.46,-43.52
5057,-44.19,10.63,-43.53
5060,-43.29,10.63,-43.53
5063,-42.62,10.63,-43.51
5067,-42.62,6.09,-43.49
5070,-42.18,6.09,-43.47
5073,-42.18,6.09,-43.44
5076,-41.73,-0.1,-43.41
5079,-41.28,-0.1,-43.36
5082,-41.28,-0.1,-43.32
5086,-42.18,-10.11,-43.3
5089,-43.29,-10.11,-43.3
5093,-43.29,-10.11,-43.3
5096,-46.42,-21.67,-43.36
5099,-48.21,-21.67,-43.46
5102,-48.88,-21.67,-43.57
5107,-51.34,-32.07,-43.72
5109,-52.23,-32.07,-43.89
5112,-52.46,-39.94,-44.06
5116,-53.13,-39.94,-44.24
5119,-53.13,-39.94,-44.42
5122,-52.9,-43.67,-44.59
5126,-52.68,-43.67,-44.75
5129,-52.68,-43.67,-44.91
5132,-52.46,-42.11,-45.06
5136,-51.12,-42.11,-45.18
5139,-51.12,-42.11,-45.3
5143,-50.44,-37.47,-45.41
5146,-48.43,-37.47,-45.47
5149,-48.43,-31.85,-45.53
5152,-47.32,-31.85,-45.56
5156,-45.98,-31.85,-45.57
5159,-45.98,-27.79,-45.58
5162,-45.53,-27.79,-45.58
5166,-43.74,-27.79,-45.54
5169,-43.96,-27.98,-45.51
5172,-42.85,-27.98,-45.46
5176,-42.85,-27.98,-45.4
5179,-41.06,-35.0,-45.32
5183,-40.39,-35.0,-45.22
5186,-40.39,-35.0,-45.12
5190,-39.05,-48.33,-45.0
5193,-39.72,-48.33,-44.89
5198,-39.72,-64.4,-44.79
5200,-39.94,-64.4,-44.69
5204,-39.5,-64.4,-44.59
5208,-39.5,-80.43,-44.49
5211,-39.5,-80.43,-44.39
5214,-39.94,-80.43,-44.3
5217,-39.94,-94.31,-44.21
5219,-41.95,-94.31,-44.17
5222,-41.95,-94.31,-44.12
5226,-42.62,-104.86,-44.09
5229,-43.74,-104.86,-44.09
5234,-44.63,-113.57,-44.1
5236,-44.86,-113.57,-44.11
5241,-46.42,-113.57,-44.16
5243,-47.32,-118.65,-44.22
5246,-47.54,-118.65,-44.29
5251,-48.43,-118.65,-44.37
5253,-49.33,-118.17,-44.47
5257,-49.55,-118.17,-44.57
5260,-50.0,-118.17,-44.68
5264,-48.21,-112.6,-44.75
5267,-48.88,-112.6,-44.83
5270,-48.21,-102.99,-44.9
5275,-46.42,-102.99,-44.93
5277,-47.09,-102.99,-44.97
5280,-44.63,-89.85,-44.97
5284,-41.95,-89.85,-44.91
5288,-42.18,-89.85,-44.85
5290,-40.84,-75.67,-44.77
5295,-40.84,-75.67,-44.69
5297,-38.6,-66.71,-44.57
5302,-36.81,-65.23,-44.42
5304,-36.81,-65.23,-44.26
5307,-34.8,-59.9,-44.08
5310,-33.69,-59.9,-43.87
5314,-33.69,-59.9,-43.66
5317,-32.34,-60.54,-43.44
5321,-31.9,-60.54,-43.21
5325,-31.9,-60.54,-42.98
5327,-32.12,-66.97,-42.76
5330,-32.57,-66.97,-42.56
5334,-32.57,-66.97,-42.36
5338,-32.79,-76.92,-42.17
5340,-33.69,-76.92,-42.0
5344,-33.46,-88.22,-41.83
5347,-34.36,-88.22,-41.68
5350,-34.36,-88.22,-41.53
5355,-36.37,-98.07,-41.43
5358,-37.04,-98.07,-41.34
5360,-37.04,-98.07,-41.25
5364,-37.48,-103.3,-41.18
5367,-39.72,-103.3,-41.15
5371,-39.72,-103.3,-41.12
5374,-36.59,-102.58,-41.03
5377,-35.03,-102.58,-40.91
5381,-35.03,-97.9,-40.79
5384,-33.69,-97.9,-40.65
5387,-33.02,-97.9,-40.5
5391,-33.02,-88.36,-40.35
5394,-32.57,-88.36,-40.19
5397,-31.23,-88.36,-40.01
5401,-31.23,-75.24,-39.84
5405,-30.33,-75.24,-39.65
5407,-27.65,-75.24,-39.41
5411,-28.1,-64.46,-39.18
5414,-28.1,-64.46,-38.96
5417,-27.21,-64.46,-38.72
5422,-27.43,-59.7,-38.5
5424,-26.76,-59.7,-38.26
5427,-26.76,-60.08,-38.03
5431,-26.54,-60.08,-37.8
5434,-27.88,-60.08,-37.61
5437,-27.88,-63.8,-37.41
5441,-28.99,-63.8,-37.24
5444,-29.44,-63.8,-37.09
5447,-29.44,-69.92,-36.93
5451,-30.11,-69.92,-36.8
5454,-29.44,-69.92,-36.65
5457,-29.44,-75.77,-36.51
5461,-29.44,-75.77,-36.36
5464,-30.11,-80.25,-36.24
5467,-30.11,-80.0,-36.12
5471,-29.89,-80.0,-35.99
5474,-29.89,-81.77,-35.87
5477,-30.11,-81.77,-35.75
5482,-30.33,-81.77,-35.65
5484,-30.33,-80.54,-35.54
5487,-30.56,-80.54,-35.44
5491,-29.89,-80.54,-35.33
5494,-29.89,-76.73,-35.22
5497,-28.77,-76.73,-35.09
5501,-28.1,-76.73,-34.95
5504,-28.1,-70.9,-34.81
5507,-26.54,-70.9,-34.65
5511,-26.09,-63.6,-34.48
5514,-26.09,-63.6,-34.31
5517,-24.08,-63.6,-34.11
5521,-22.74,-56.51,-33.88
5524,-22.74,-56.51,-33.66
5527,-21.84,-56.51,-33.42
5531,-20.95,-51.78,-33.17
5534,-21.17,-51.78,-32.93
5537,-20.95,-51.78,-32.69
5540,-20.95,-50.88,-32.46
5544,-20.73,-50.88,-32.22
5547,-20.5,-50.88,-31.99
5552,-20.5,-54.2,-31.76
5554,-20.28,-54.2,-31.53
5557,-20.5,-60.61,-31.31
5562,-20.5,-60.61,-31.09
5564,-18.94,-60.61,-30.85
5568,-19.16,-68.34,-30.61
5572,-19.16,-68.34,-30.38
5575,-19.38,-68.34,-30.16
5578,-20.05,-74.61,-29.96
5580,-20.05,-74.61,-29.76
5584,-19.83,-74.61,-29.57
5587,-19.83,-78.47,-29.37
5592,-20.28,-78.47,-29.19
5594,-20.05,-80.47,-29.01
5597,-20.05,-80.47,-28.83
5600,-20.28,-80.47,-28.66
5603,-20.28,-80.54,-28.49
5607,-20.28,-80.54,-28.32
5610,-20.73,-80.54,-28.17
5614,-20.05,-79.05,-28.01
5618,-20.05,-79.05,-27.85
5620,-19.83,-79.05,-27.69
5624,-18.94,-75.82,-27.52
5626,-18.94,-75.82,-27.34
5630,-18.04,-75.82,-27.16
5634,-16.93,-71.61,-26.95
5636,-16.93,-71.61,-26.75
5640,-16.48,-66.58,-26.55
5643,-15.59,-66.58,-26.33
5646,-15.14,-66.58,-26.1
5650,-15.14,-63.26,-25.89
5654,-15.14,-63.26,-25.67
5657,-15.14,-63.26,-25.46
5660,-14.69,-62.26,-25.24
5664,-14.69,-62.26,-25.03
5667,-14.92,-62.26,-24.83
5670,-14.02,-63.18,-24.61
5674,-14.02,-63.18,-24.4
5677,-13.8,-63.18,-24.19
5680,-13.35,-65.53,-23.97
5684,-13.35,-65.53,-23.76
5686,-13.35,-68.67,-23.55
5691,-13.35,-68.67,-23.35
5693,-13.35,-68.67,-23.15
5697,-13.35,-71.32,-22.95
5699,-12.68,-71.32,-22.75
5704,-12.68,-71.32,-22.55
5706,-12.23,-72.07,-22.34
5710,-11.34,-72.07,-22.12
5713,-11.12,-72.07,-21.9
5716,-10.0,-71.72,-21.66
5720,-10.0,-71.72,-21.43
5723,-9.55,-71.39,-21.19
5727,-9.78,-71.39,-20.96
5730,-9.78,-71.39,-20.74
5732,-9.33,-72.49,-20.51
5736,-8.88,-72.49,-20.28
5740,-8.88,-72.49,-20.05
5742,-8.88,-74.21,-19.83
5745,-7.99,-74.21,-19.59
5749,-8.66,-74.21,-19.37
5751,-8.44,-74.93,-19.15
5755,-8.44,-74.93,-18.94
5758,-8.21,-74.93,-18.72
5761,-8.21,-75.39,-18.51
5765,-8.21,-75.39,-18.31
5768,-7.32,-75.39,-18.09
5771,-7.32,-75.12,-17.87
5775,-7.32,-75.12,-17.66
5777,-6.2,-75.12,-17.43
5780,-6.2,-74.3,-17.21
5784,-5.98,-74.3,-16.98
5787,-4.86,-74.3,-16.74
5791,-4.86,-73.37,-16.5
5794,-4.86,-73.37,-16.27
5797,-4.86,-73.99,-16.04
5800,-5.08,-73.99,-15.82
5803,-3.07,-73.99,-15.57
5808,-3.07,-76.57,-15.32
5809,-2.85,-76.57,-15.07
5813,-1.28,-76.57,-14.79
5817,-1.28,-81.12,-14.52
5819,-1.28,-81.12,-14.26
5823,-0.39,-81.12,-13.98
5826,-0.17,-85.91,-13.7
5829,0.28,-85.91,-13.42
5832,0.28,-85.91,-13.15
5835,0.06,-90.73,-12.89
5838,-0.61,-90.73,-12.64
5841,-0.61,-90.73,-12.4
5845,-0.17,-95.39,-12.16
5848,-0.17,-95.39,-11.92
5851,0.06,-95.39,-11.68
5854,-0.39,-99.98,-11.45
5858,-0.39,-99.98,-11.23
5862,0.06,-99.98,-11.0
5864,1.17,-103.77,-10.76
5867,1.17,-103.77,-10.52
5870,0.95,-103.77,-10.29
5873,1.84,-106.63,-10.05
5877,1.17,-106.63,-9.83
5880,2.07,-106.63,-9.59
5884,2.07,-108.69,-9.35
5888,3.41,-108.69,-9.1
5889,3.41,-108.69,-8.85
5893,2.96,-109.19,-8.61
5896,4.08,-109.19,-8.36
5900,4.08,-108.44,-8.11
5901,4.3,-108.44,-7.86
5906,5.64,-108.44,-7.59
5910,5.64,-107.89,-7.33
5911,5.87,-107.89,-7.06
5914,5.87,-107.89,-6.8
5917,6.31,-108.38,-6.54
5920,8.1,-108.38,-6.25
5923,8.1,-108.38,-5.96
5927,10.11,-109.9,-5.64
5930,10.11,-109.9,-5.33
5933,10.33,-109.9,-5.01
5936,10.78,-112.27,-4.7
5939,10.78,-112.27,-4.39
5943,12.12,-112.27,-4.06
5946,11.68,-115.59,-3.74
5949,11.68,-115.59,-3.43
5952,12.35,-115.59,-3.12
5956,12.35,-119.48,-2.81
5959,11.9,-119.48,-2.52
5962,12.12,-119.48,-2.22
5965,12.12,-122.52,-1.94
5969,12.12,-122.52,-1.65
5972,12.57,-122.52,-1.37
5975,12.57,-123.48,-1.09
5978,12.35,-123.48,-0.82
5981,13.24,-123.48,-0.54
5985,12.79,-121.65,-0.27
5988,14.13,-121.65,0.01
5991,14.13,-121.65,0.3
5994,15.92,-118.16,0.61
5997,17.26,-118.16,0.94
6000,17.26,-115.31,1.27
6004,18.6,-115.31,1.61
6007,18.6,-115.31,1.95
6010,20.39,-116.41,2.32
6013,21.73,-116.41,2.71
6016,21.73,-116.41,3.09
6019,22.85,-121.52,3.49
6022,21.95,-121.52,3.86
6026,21.73,-121.52,4.21
6029,21.51,-127.22,4.56
6032,21.51,-127.22,4.9
6035,22.62,-127.22,5.25
6038,22.85,-132.0,5.61
6042,22.85,-132.0,5.95
6044,22.62,-132.0,6.28
6048,22.62,-135.49,6.61
6051,23.3,-135.49,6.94
6054,23.52,-135.49,7.28
6058,23.52,-137.14,7.6
6061,22.18,-137.14,7.89
6064,22.18,-137.14,8.18
6067,23.07,-137.02,8.48
6070,23.74,-137.02,8.78
6073,23.74,-137.02,9.08
6076,23.74,-134.16,9.37
6079,22.85,-134.16,9.64
6082,23.07,-134.16,9.91
6085,24.64,-128.42,10.21
6089,24.64,-128.42,10.49
6092,26.65,-128.42,10.82
6095,30.0,-120.7,11.2
6098,30.0,-120.7,11.58
6102,31.12,-120.7,11.97
6105,31.12,-113.77,12.35
6108,31.34,-113.77,12.73
6111,32.46,-113.77,13.13
6115,32.46,-109.71,13.51
6118,32.68,-109.71,13.9
6121,32.68,-108.47,14.27
6125,32.68,-108.47,14.64
6128,32.9,-108.47,15.0
6131,32.68,-108.77,15.36
6134,32.68,-108.77,15.7
6138,32.46,-108.77,16.04
6141,32.46,-110.45,16.37
6144,32.01,-110.45,16.68
6148,31.34,-110.45,16.97
6151,31.34,-111.97,17.26
6154,31.79,-111.97,17.55
6158,32.68,-111.97,17.85
6161,32.68,-111.44,18.15
6164,32.9,-111.44,18.45
6167,34.69,-111.44,18.77
6170,34.24,-108.08,19.08
6174,35.14,-108.08,19.4
6177,35.14,-108.08,19.72
6180,35.36,-103.32,20.03
6184,36.48,-103.32,20.36
6187,36.48,-98.81,20.68
6189,38.04,-98.81,21.03
6193,38.94,-98.81,21.39
6196,39.16,-95.5,21.74
6199,38.94,-95.5,22.09
6202,38.94,-95.5,22.42
6205,39.16,-93.01,22.76
6210,39.83,-93.01,23.1
6212,39.83,-93.01,23.43
6215,40.5,-92.49,23.77
6217,40.5,-92.49,24.11
6221,40.05,-92.49,24.43
6224,40.5,-93.37,24.75
6227,40.5,-93.37,25.06
6230,40.72,-93.37,25.38
6233,40.72,-94.4,25.68
6236,41.17,-94.4,25.99
6240,40.28,-94.4,26.28
6243,40.28,-96.01,26.56
6246,40.72,-96.01,26.84
6249,41.39,-96.01,27.13
6252,41.39,-97.55,27.42
6255,41.62,-97.55,27.7
6259,41.62,-97.55,27.98
6262,41.84,-98.69,28.26
6265,42.29,-98.69,28.54
6268,42.29,-98.69,28.81
6271,43.41,-98.5,29.11
6275,44.3,-98.5,29.41
6277,44.08,-98.5,29.7
6281,44.3,-97.32,30.0
6284,44.3,-97.32,30.28
6287,44.08,-97.32,30.56
6290,45.42,-96.07,30.85
6293,45.42,-96.07,31.15
6296,45.42,-96.07,31.43
6299,45.42,-95.17,31.71
6303,44.3,-95.17,31.96
6306,44.3,-95.17,32.21
6309,44.3,-94.37,32.45
6312,44.08,-94.37,32.68
6315,44.97,-94.37,32.93
6318,44.97,-93.41,33.17
6323,45.64,-93.41,33.42
6325,45.64,-91.24,33.66
6328,46.76,-91.24,33.93
6331,47.43,-91.24,34.2
6334,47.43,-88.03,34.46
6337,48.1,-88.03,34.73
6340,48.1,-88.03,35.0
6344,48.1,-84.1,35.26
6347,48.32,-84.1,35.52
6350,48.32,-84.1,35.78
6353,48.32,-80.88,36.03
6356,48.32,-80.88,36.28
6359,47.43,-80.88,36.5
6363,47.65,-79.04,36.72
6366,47.65,-79.04,36.94
6369,47.43,-79.04,37.15
6372,47.43,-78.44,37.36
6375,46.76,-78.44,37.54
6378,46.76,-78.44,37.73
6382,46.76,-78.87,37.91
6385,47.65,-78.87,38.1
6388,48.1,-78.87,38.3
6392,48.1,-77.8,38.5
6394,48.1,-77.8,38.69
6397,48.1,-77.8,38.88
6400,48.77,-75.11,39.08
6404,48.77,-75.11,39.27
6407,48.77,-75.11,39.46
6410,48.77,-72.07,39.65
6413,49.66,-72.07,39.85
6416,49.89,-72.07,40.05
6419,48.99,-68.91,40.23
6422,48.99,-68.91,40.4
6426,50.33,-68.91,40.6
6429,50.11,-65.84,40.79
6432,50.11,-65.84,40.98
6435,50.11,-65.84,41.16
6438,50.11,-62.89,41.34
6441,49.66,-62.89,41.51
6444,49.89,-62.89,41.67
6448,49.89,-60.51,41.84
6451,49.44,-60.51,41.99
6454,48.55,-60.51,42.12
6457,49.22,-57.66,42.26
6460,48.77,-57.66,42.39
6463,48.77,-57.66,42.52
6467,49.22,-54.39,42.65
6470,48.99,-54.39,42.78
6473,48.99,-50.08,42.91
6476,48.99,-50.08,43.03
6479,48.99,-50.08,43.15
6482,49.44,-45.15,43.27
6486,50.11,-45.15,43.41
6489,50.11,-45.15,43.54
6492,51.0,-40.22,43.69
6495,51.0,-40.22,43.84
6498,50.56,-40.22,43.97
6501,50.56,-35.21,44.1
6504,50.56,-35.21,44.23
6508,50.78,-35.21,44.36
6511,50.78,-30.54,44.49
6514,50.78,-30.54,44.62
6517,51.23,-30.54,44.75
6520,51.23,-26.89,44.88
6523,50.56,-26.89,44.99
6526,50.33,-26.89,45.1
6530,50.33,-24.34,45.21
6533,49.89,-24.34,45.3
6536,49.89,-24.34,45.39
6539,49.44,-22.91,45.47
6542,48.99,-22.91,45.54
6545,48.99,-22.91,45.61
6549,48.1,-20.12,45.66
6552,48.1,-20.12,45.71
6555,47.65,-20.12,45.75
6558,47.65,-14.99,45.79
6561,47.65,-14.99,45.82
6564,48.77,-14.99,45.88
6567,48.77,-7.32,45.94
6570,48.77,-7.32,46.0
6573,49.22,-7.32,46.06
6576,49.22,1.23,46.12
6579,50.33,1.23,46.21
6582,50.33,1.23,46.29
6585,50.78,10.17,46.38
6588,51.67,10.17,46.49
6592,51.67,10.17,46.59
6595,52.34,20.62,46.71
6598,52.34,20.62,46.82
6601,51.67,20.62,46.92
6604,51.0,30.95,47.0
6607,51.0,30.95,47.08
6610,51.0,30.95,47.16
6613,51.0,39.88,47.23
6616,51.67,39.88,47.32
6619,51.45,39.88,47.4
6622,51.45,46.58,47.48
6625,50.56,46.58,47.55
6628,50.56,46.58,47.61
6631,50.78,52.51,47.67
6634,50.78,52.51,47.73
6638,50.78,52.51,47.79
6641,51.67,58.58,47.87
6644,51.67,58.58,47.95
6647,51.0,58.58,48.01
6650,50.56,64.54,48.06
6653,50.56,64.54,48.11
6656,50.33,64.54,48.15
6660,50.33,69.97,48.2
6662,50.11,69.97,48.24
6665,50.33,69.97,48.28
6668,50.33,75.34,48.32
6671,49.66,75.34,48.35
6674,49.66,75.34,48.37
6677,47.65,80.2,48.36
6680,46.09,80.2,48.31
6684,46.09,80.2,48.27
6687,44.52,84.57,48.19
6690,44.52,84.57,48.12
6693,46.53,84.57,48.09
6696,49.44,89.3,48.11
6699,49.44,89.3,48.14
6702,49.89,89.3,48.18
6705,49.89,96.15,48.21
6708,49.66,96.15,48.24
6711,49.66,96.15,48.27
6714,49.66,105.67,48.3
6717,49.44,105.67,48.32
6721,49.44,105.67,48.34
6724,48.1,116.3,48.34
6727,48.32,116.3,48.34
6730,48.32,116.3,48.34
6733,48.1,124.48,48.33
6736,48.1,124.48,48.33
6740,48.1,124.48,48.32
6743,46.31,129.39,48.28
6746,46.31,129.39,48.24
6749,46.09,129.39,48.2
6752,46.09,131.73,48.16
6755,46.09,131.73,48.12
6759,45.19,131.73,48.06
6762,45.19,132.7,48.0
6765,45.64,132.7,47.95
6768,44.75,132.7,47.89
6771,44.75,131.27,47.83
6774,44.75,131.27,47.76
6778,44.75,131.27,47.7
6781,43.18,127.37,47.61
6784,42.96,127.37,47.52
6787,42.96,127.37,47.43
6791,43.18,120.98,47.34
6793,41.39,120.98,47.22
6797,42.07,120.98,47.12
6800,41.62,113.8,47.01
6803,41.62,113.8,46.9
6806,39.61,113.8,46.76
6809,37.37,106.45,46.57
6812,37.37,106.45,46.39
6816,36.48,106.45,46.19
6819,36.48,100.22,45.99
6822,35.81,100.22,45.79
6825,36.26,100.22,45.6
6828,36.26,96.57,45.41
6831,36.48,96.57,45.23
6834,35.58,96.57,45.04
6837,35.14,96.24,44.84
6840,41.39,96.24,44.77
6843,41.39,96.24,44.71
6846,36.03,99.56,44.53
6850,33.35,99.56,44.31
6853,33.8,99.56,44.1
6856,34.24,103.95,43.9
6859,34.24,103.95,43.71
6862,35.36,103.95,43.54
6865,39.83,100.62,43.47
6869,39.61,100.62,43.39
6872,40.95,93.28,43.34
6875,40.95,93.28,43.29
6878,41.17,93.28,43.25
6881,39.83,95.45,43.18
6884,39.83,95.45,43.12
6887,38.27,95.45,43.02
6890,38.27,103.11,42.92
6893,36.93,103.11,42.8
6896,34.47,103.11,42.64
6900,34.47,103.82,42.47
6903,33.57,103.82,42.3
6906,33.57,103.82,42.12
6909,31.79,96.11,41.91
6912,30.0,96.11,41.68
6915,30.0,96.11,41.44
6918,30.22,86.04,41.22
6921,30.22,86.04,41.0
6924,29.78,86.04,40.77
6927,29.55,79.45,40.55
6930,29.55,79.45,40.33
6933,30.0,79.45,40.12
6937,30.0,79.53,39.92
6940,31.56,79.53,39.75
6943,32.23,79.53,39.6
6946,32.23,84.67,39.46
6949,32.23,84.67,39.31
6952,32.23,84.67,39.17
6955,31.56,91.68,39.02
6958,30.22,91.68,38.84
6961,30.22,91.68,38.67
6964,30.45,97.41,38.5
6967,30.45,97.41,38.34
6970,30.0,97.41,38.18
6973,30.0,100.62,38.01
6977,30.0,100.62,37.85
6980,28.43,100.62,37.66
6983,28.43,102.33,37.48
6987,26.65,102.33,37.26
6989,25.08,102.33,37.02
6992,25.08,103.85,36.78
6996,24.19,103.85,36.53
6999,24.19,103.85,36.28
7002,23.97,105.25,36.04
7005,22.85,105.25,35.77
7008,22.85,105.25,35.51
7011,21.73,107.83,35.24
7014,20.84,107.83,34.95
7019,20.84,107.83,34.67
7021,20.39,111.28,34.38
7024,20.39,111.28,34.1
7027,21.95,111.28,33.86
7030,22.18,115.16,33.63
7034,22.18,115.16,33.4
7038,23.07,115.16,33.19
7042,23.07,119.51,32.99
7043,22.62,119.51,32.78
7046,21.95,119.51,32.56
7051,21.95,124.05,32.35
7052,20.84,124.05,32.12
7057,20.17,124.05,31.88
7058,20.17,128.16,31.65
7061,18.6,128.16,31.39
7065,18.6,128.16,31.13
7068,17.71,130.72,30.86
7072,16.14,130.72,30.57
7074,16.14,130.72,30.28
7078,16.14,131.43,30.0
7083,16.14,131.43,29.72
7083,15.47,131.43,29.44
7087,14.58,131.45,29.14
7090,14.58,131.45,28.85
7093,14.36,131.45,28.56
7096,14.13,130.34,28.27
7099,14.13,130.34,27.99
7102,13.24,127.08,27.69
7106,13.24,127.08,27.4
7109,14.13,127.08,27.14
7112,15.7,122.96,26.91
7116,15.7,122.96,26.68
7118,16.14,122.96,26.47
7122,17.04,118.97,26.28
7125,16.81,118.97,26.09
7127,15.92,118.97,25.89
7131,15.92,114.97,25.69
7135,15.03,114.97,25.48
7137,13.69,114.97,25.24
7140,13.69,108.47,25.01
7144,12.12,108.47,24.75
7147,12.12,108.47,24.5
7150,10.33,97.43,24.22
7153,6.54,97.43,23.86
7156,6.54,97.43,23.52
7158,4.97,83.93,23.15
7162,4.97,83.93,22.78
7165,4.75,83.93,22.42
7168,5.64,71.47,22.09
7171,5.64,71.47,21.76
7173,6.31,71.47,21.45
7176,6.31,64.0,21.15
7179,6.54,64.0,20.85
7182,6.54,64.0,20.57
7185,6.76,64.0,20.29
7189,6.31,63.19,20.01
7191,6.31,63.19,19.74
7195,4.3,63.19,19.43
7197,4.3,66.07,19.13
7201,3.41,66.07,18.81
7203,3.41,66.07,18.5
7206,3.63,67.85,18.21
7209,4.08,67.85,17.92
7212,4.08,67.85,17.65
7215,4.52,67.11,17.39
7218,4.52,67.11,17.13
7222,4.3,67.11,16.87
7223,2.51,64.95,16.58
7226,2.74,64.95,16.31
7230,2.29,64.95,16.03
7233,2.29,61.34,15.75
7235,0.95,61.34,15.46
7238,0.95,61.34,15.17
7241,0.28,55.76,14.87
7244,0.28,55.76,14.58
7247,0.5,55.76,14.29
7251,0.95,55.76,14.03
7253,0.95,49.77,13.77
7256,0.95,49.77,13.51
7259,0.95,49.77,13.26
7262,0.28,45.4,13.0
7265,-1.06,45.4,12.72
7268,-1.06,45.4,12.44
7272,-1.96,41.6,12.15
7275,-1.96,41.6,11.87
7277,-2.18,41.6,11.59
7280,-1.28,37.62,11.33
7283,-1.28,37.62,11.08
7287,-0.39,37.62,10.85
7290,-0.39,33.52,10.63
7293,-0.17,33.52,10.41
7296,-0.17,33.52,10.2
7299,0.06,30.84,10.0
7301,0.28,30.84,9.8
7304,0.28,30.84,9.61
7307,0.5,28.8,9.43
7310,0.5,28.8,9.25
7314,-0.17,28.8,9.06
7316,-0.17,26.36,8.88
7319,-1.96,26.36,8.66
7322,-2.18,26.36,8.44
7325,-2.18,22.58,8.23
7328,-3.3,22.58,8.0
7331,-3.3,22.58,7.78
7334,-3.07,22.58,7.56
7337,-4.86,18.8,7.31
7339,-4.64,18.8,7.07
7342,-5.75,18.8,6.82
7345,-5.75,15.91,6.56
7348,-6.2,15.91,6.31
7351,-6.2,15.91,6.06
7355,-5.31,15.92,5.83
7357,-4.41,15.92,5.63
7360,-4.86,15.92,5.42
7363,-4.41,20.2,5.22
7366,-4.41,20.2,5.03
7370,-5.08,20.2,4.82
7372,-5.08,28.16,4.63
7375,-5.75,28.16,4.42
7377,-6.65,28.16,4.2
7380,-6.65,37.15,3.98
7384,-7.99,37.15,3.74
7387,-7.99,37.15,3.51
7390,-7.99,45.46,3.28
7392,-7.99,45.46,3.05
7395,-8.44,45.46,2.82
7398,-8.44,45.46,2.6
7401,-8.21,54.55,2.38
7404,-8.66,54.55,2.16
7407,-8.66,54.55,1.94
7410,-7.54,66.02,1.75
7413,-7.54,66.02,1.57
7416,-7.54,66.02,1.39
7419,-7.54,79.75,1.21
7422,-7.32,79.75,1.04
7425,-7.99,79.75,0.86
7428,-7.99,93.95,0.68
7431,-8.21,93.95,0.5
7434,-8.21,93.95,0.33
7437,-9.33,105.11,0.13
7440,-9.33,105.11,-0.06
7443,-9.55,105.11,-0.25
7446,-10.22,112.96,-0.44
7450,-10.22,112.96,-0.64
7452,-10.67,112.96,-0.84
7456,-11.34,118.39,-1.05
7459,-11.34,118.39,-1.26
7463,-11.56,118.39,-1.46
7466,-12.46,123.24,-1.68
7469,-12.9,123.24,-1.91
7472,-13.8,123.24,-2.15
7476,-13.8,129.68,-2.38
7479,-15.14,129.68,-2.63
7481,-15.81,129.68,-2.9
7485,-15.81,138.01,-3.16
7488,-15.59,138.01,-3.4
7491,-14.69,138.01,-3.63
7495,-14.92,149.43,-3.86
7498,-15.36,149.43,-4.09
7501,-15.36,149.43,-4.31
7505,-14.02,165.02,-4.51
7508,-13.8,165.02,-4.69
7511,-13.8,181.75,-4.87
7514,-13.8,181.75,-5.05
7517,-12.9,181.75,-5.21
7521,-13.13,194.93,-5.37
7524,-12.9,194.93,-5.52
7527,-12.9,194.93,-5.67
7530,-14.69,203.16,-5.85
7533,-15.59,203.16,-6.04
7537,-15.59,203.16,-6.23
7540,-17.6,207.18,-6.46
7543,-19.16,207.18,-6.71
7546,-19.16,207.18,-6.96
7549,-20.5,207.15,-7.23
7552,-20.5,207.15,-7.5
7557,-22.07,207.15,-7.79
7559,-23.41,203.46,-8.1
7562,-23.41,203.46,-8.41
7566,-24.75,203.46,-8.73
7569,-26.31,195.87,-9.09
7572,-26.31,195.87,-9.43
7575,-26.98,186.19,-9.78
7578,-26.98,186.19,-10.13
7582,-27.21,186.19,-10.47
7585,-28.1,177.22,-10.82
7588,-28.1,177.22,-11.17
7592,-28.1,177.22,-11.5
7595,-27.43,169.74,-11.82
7598,-27.43,169.74,-12.13
7602,-28.77,169.74,-12.47
7605,-30.78,164.84,-12.83
7609,-30.78,164.84,-13.19
7612,-31.0,164.84,-13.55
7615,-31.45,160.98,-13.91
7618,-31.45,160.98,-14.26
7622,-33.69,159.02,-14.65
7626,-34.13,159.02,-15.04
7628,-34.13,159.02,-15.42
7632,-33.91,159.4,-15.79
7635,-33.02,159.4,-16.13
7638,-33.24,159.4,-16.47
7643,-32.79,162.69,-16.8
7645,-32.79,162.69,-17.12
7648,-33.91,162.69,-17.46
7652,-35.03,166.54,-17.81
7655,-35.03,166.54,-18.15
7659,-36.14,166.54,-18.51
7662,-37.04,165.89,-18.88
7665,-37.04,165.89,-19.25
7668,-38.83,163.12,-19.64
7672,-40.84,163.12,-20.06
7675,-40.84,163.12,-20.48
7678,-41.28,159.63,-20.89
7682,-40.39,159.63,-21.28
7685,-40.39,159.63,-21.67
7688,-39.5,155.87,-22.02
7692,-39.5,155.87,-22.37
7695,-39.5,155.87,-22.71
7698,-39.72,154.31,-23.05
7702,-38.83,154.31,-23.37
7705,-38.38,154.24,-23.67
7709,-39.27,154.24,-23.98
7712,-39.27,154.24,-24.29
7715,-40.61,152.07,-24.61
7718,-41.51,152.07,-24.95
7722,-41.51,152.07,-25.28
7725,-41.95,146.68,-25.62
7728,-42.62,146.68,-25.96
7732,-42.62,146.68,-26.29
7735,-43.52,138.27,-26.63
7739,-44.41,138.27,-26.99
7742,-44.41,138.27,-27.34
7745,-45.08,129.15,-27.69
7748,-45.08,129.15,-28.04
7752,-45.08,120.81,-28.38
7756,-44.86,120.81,-28.71
7758,-44.86,120.81,-29.03
7762,-45.08,114.29,-29.36
7765,-45.08,114.29,-29.67
7768,-45.08,114.29,-29.98
7772,-44.86,112.32,-30.28
7775,-45.31,112.32,-30.58
7778,-45.31,112.32,-30.87
7782,-44.41,112.59,-31.14
7785,-42.85,112.59,-31.38
7788,-42.85,112.61,-31.6
7792,-41.73,112.61,-31.81
7795,-41.06,112.61,-31.99
7798,-41.06,108.82,-32.17
7802,-42.85,108.82,-32.39
7805,-43.52,108.82,-32.61
7808,-43.52,98.57,-32.83
7811,-43.52,98.57,-33.04
7815,-45.31,98.57,-33.29
7818,-45.08,82.26,-33.52
7823,-44.86,82.26,-33.75
7824,-44.86,82.26,-33.97
7828,-44.19,63.89,-34.18
7831,-44.63,63.89,-34.39
7834,-44.63,63.89,-34.59
7838,-45.08,45.28,-34.8
7841,-45.98,45.28,-35.02
7844,-45.98,27.83,-35.24
7847,-47.99,27.83,-35.5
7850,-48.88,27.83,-35.77
7854,-48.21,12.43,-36.01
7857,-45.75,12.43,-36.21
7860,-45.75,12.43,-36.4
7863,-46.2,-0.6,-36.6
7867,-45.98,-0.6,-36.78
7870,-45.98,-0.6,-36.97
7873,-45.75,-13.38,-37.14
7876,-48.43,-13.38,-37.37
7880,-48.43,-13.38,-37.59
7883,-52.68,-28.19,-37.89
7887,-56.25,-28.19,-38.26
7890,-56.48,-28.19,-38.62
7893,-57.6,-46.11,-39.0
7896,-57.6,-46.11,-39.37
7900,-58.71,-63.85,-39.76
7903,-58.49,-63.85,-40.14
7906,-58.49,-63.85,-40.5
7910,-57.37,-75.14,-40.84
7913,-56.03,-75.14,-41.14
7916,-56.03,-75.14,-41.44
7920,-54.91,-80.43,-41.71
7923,-54.91,-80.43,-41.98
7926,-54.91,-80.43,-42.23
7930,-54.02,-84.67,-42.47
7933,-52.23,-84.67,-42.67
7936,-52.23,-92.28,-42.86
7940,-49.77,-92.28,-42.99
7943,-50.67,-92.28,-43.15
7947,-50.0,-102.63,-43.29
7950,-48.43,-102.63,-43.39
7953,-46.65,-102.63,-43.45
7957,-46.87,-112.48,-43.52
7960,-44.63,-112.48,-43.54
7964,-43.74,-112.48,-43.55
7967,-44.19,-119.12,-43.56
7970,-44.41,-119.12,-43.58
7974,-45.31,-126.93,-43.61
7977,-44.63,-126.93,-43.63
7981,-44.41,-126.93,-43.65
7984,-44.41,-139.61,-43.66
7988,-44.41,-139.61,-43.68
7991,-45.98,-139.61,-43.72
7994,-48.66,-157.42,-43.82
7998,-48.21,-157.42,-43.91
8001,-48.21,-176.81,-44.0
8005,-47.32,-176.81,-44.06
8008,-47.99,-176.81,-44.14
8012,-47.32,-194.5,-44.21
8015,-47.32,-194.5,-44.27
8018,-47.99,-194.5,-44.34
8022,-48.43,-209.14,-44.42
8026,-48.43,-209.14,-44.5
8029,-48.43,-209.14,-44.58
8032,-49.1,-222.18,-44.67
8036,-50.0,-222.18,-44.78
8039,-50.44,-231.88,-44.89
8042,-49.33,-231.88,-44.98
8046,-47.54,-231.88,-45.03
8049,-47.32,-235.45,-45.08
8053,-44.41,-235.45,-45.06
8056,-41.73,-235.45,-45.0
8060,-41.28,-230.06,-44.92
8063,-37.71,-230.06,-44.78
8066,-35.92,-216.22,-44.6
8070,-36.14,-216.22,-44.43
8073,-33.91,-216.22,-44.22
8077,-31.23,-196.8,-43.96
8080,-31.23,-196.8,-43.71
8084,-28.77,-196.8,-43.41
8087,-26.98,-177.16,-43.08
8090,-26.76,-177.16,-42.75
8094,-25.64,-177.16,-42.41
8097,-26.54,-161.71,-42.09
8101,-25.86,-161.71,-41.77
8104,-24.75,-155.44,-41.43
8108,-25.64,-155.44,-41.11
8111,-25.19,-155.44,-40.8
8114,-24.52,-158.41,-40.47
8118,-24.52,-158.41,-40.15
8122,-24.52,-158.41,-39.84
8125,-25.64,-166.21,-39.55
8128,-27.43,-166.21,-39.31
8132,-27.43,-174.32,-39.07
8135,-28.1,-174.32,-38.85
8138,-28.1,-174.32,-38.64
8142,-27.65,-177.81,-38.42
8145,-26.54,-177.81,-38.18
8149,-24.75,-177.81,-37.91
8152,-24.52,-173.85,-37.65
8155,-22.74,-173.85,-37.35
8159,-21.84,-164.84,-37.04
8162,-21.62,-164.84,-36.73
8166,-20.5,-164.84,-36.4
8169,-19.61,-153.36,-36.07
8173,-19.83,-153.36,-35.74
8176,-17.37,-153.36,-35.38
8179,-15.59,-144.74,-34.98
8183,-15.14,-144.74,-34.58
8186,-14.47,-144.74,-34.18
8190,-13.57,-140.59,-33.77
8193,-14.02,-140.59,-33.37
8197,-13.8,-139.53,-32.98
8201,-12.9,-139.53,-32.58
8203,-13.13,-139.53,-32.19
8207,-13.13,-139.67,-31.81
8210,-14.92,-139.67,-31.47
8214,-14.69,-139.67,-31.14
8218,-15.59,-138.97,-30.83
8222,-14.69,-138.97,-30.5
8225,-14.25,-134.05,-30.18
8227,-13.13,-134.05,-29.84
8231,-12.23,-134.05,-29.49
8236,-11.79,-123.83,-29.13
8238,-10.89,-123.83,-28.77
8241,-10.0,-123.83,-28.39
8246,-10.0,-109.97,-28.02
8248,-9.78,-109.97,-27.66
8251,-7.09,-109.97,-27.25
8262,-7.54,-97.26,-26.85
8262,-7.54,-97.26,-26.47
8263,-7.54,-90.12,-26.09
8270,-8.21,-90.12,-25.73
8271,-8.21,-90.12,-25.38
8271,-8.21,-89.21,-25.04
8276,-7.09,-89.21,-24.68
8277,-6.2,-89.21,-24.31
8280,-6.65,-89.78,-23.96
8283,-6.65,-89.78,-23.61
8287,-6.65,-89.78,-23.27
8290,-4.86,-87.99,-22.9
8294,-5.08,-87.99,-22.55
8296,-5.08,-87.99,-22.2
8300,-5.08,-84.38,-21.85
8304,-5.98,-84.38,-21.54
8306,-5.53,-84.38,-21.22
8309,-5.53,-81.35,-20.9
8312,-5.53,-81.35,-20.6
8317,-3.97,-81.35,-20.26
8319,-3.3,-80.96,-19.92
8322,-3.3,-80.96,-19.59
8325,-2.85,-80.96,-19.26
8329,-1.96,-80.25,-18.91
8332,-1.96,-80.25,-18.57
8335,-1.51,-77.04,-18.23
8338,-1.51,-77.04,-17.9
8341,0.06,-77.04,-17.54
8344,0.28,-73.24,-17.18
8348,0.28,-73.24,-16.83
8351,0.5,-73.24,-16.48
8355,-0.39,-70.48,-16.16
8357,-0.17,-70.48,-15.84
8360,0.95,-70.48,-15.51
8363,0.95,-68.71,-15.18
8366,0.28,-68.71,-14.87
8370,0.28,-68.71,-14.57
8373,0.28,-66.88,-14.27
8376,0.06,-66.88,-13.98
8379,0.06,-66.88,-13.7
8382,0.06,-63.28,-13.43
8385,0.28,-63.28,-13.15
8388,0.28,-63.28,-12.88
8391,-0.61,-58.1,-12.64
8395,-0.61,-58.1,-12.4
8398,-0.39,-58.1,-12.16
8401,0.28,-51.27,-11.91
8404,0.28,-51.27,-11.66
8408,-0.39,-51.27,-11.44
8411,0.28,-43.78,-11.2
8414,0.28,-43.78,-10.98
8417,-0.61,-43.78,-10.77
8420,-0.61,-36.22,-10.56
8423,-0.39,-36.22,-10.36
8427,0.73,-36.22,-10.14
8430,0.73,-28.26,-9.92
8433,2.07,-28.26,-9.68
8436,2.07,-28.26,-9.45
8439,3.18,-19.67,-9.2
8441,3.63,-19.67,-8.94
8445,3.63,-19.67,-8.69
8448,4.52,-11.95,-8.42
8451,4.52,-11.95,-8.16
8454,5.2,-11.95,-7.9
8456,4.75,-7.79,-7.64
8459,4.75,-7.79,-7.4
8463,4.52,-7.79,-7.16
8466,4.52,-7.03,-6.92
8468,4.3,-7.03,-6.7
8471,4.3,-7.03,-6.48
8474,4.75,-8.38,-6.25
8477,3.85,-8.38,-6.05
8479,3.85,-8.38,-5.85
8483,2.96,-10.11,-5.68
8486,2.96,-10.11,-5.51
8489,2.07,-10.11,-5.35
8492,2.07,-11.12,-5.21
8495,1.17,-11.12,-5.08
8498,1.84,-11.12,-4.94
8501,1.84,-11.12,-4.8
8504,2.29,-11.36,-4.66
8506,2.29,-11.36,-4.52
8510,2.51,-11.36,-4.38
8513,2.96,-9.79,-4.24
8516,2.96,-9.79,-4.09
8519,4.3,-9.79,-3.92
8522,4.3,-6.59,-3.76
8525,5.64,-6.59,-3.57
8528,5.64,-6.59,-3.39
8531,6.09,-2.64,-3.2
8534,6.54,-2.64,-3.0
8539,6.54,-2.64,-2.81
8540,6.76,1.68,-2.62
8542,6.76,1.68,-2.43
8545,6.76,1.68,-2.25
8548,6.76,5.4,-2.07
8551,6.09,5.4,-1.91
8554,6.09,5.4,-1.75
8556,6.09,5.4,-1.59
8559,6.09,6.97,-1.44
8562,5.64,6.97,-1.29
8565,4.52,6.97,-1.18
8568,4.52,6.16,-1.06
8571,3.63,6.16,-0.97
8573,3.63,6.16,-0.88
8576,3.18,3.28,-0.8
8579,3.18,3.28,-0.72
8582,4.3,3.28,-0.62
8585,3.41,-0.05,-0.54
8588,3.41,-0.05,-0.46
8591,3.41,-0.05,-0.38
8593,3.41,-0.05,-0.3
8596,3.63,-2.25,-0.23
8599,3.63,-2.25,-0.15
8602,4.08,-2.25,-0.06
8606,4.08,-2.2,0.02
8608,3.41,-2.2,0.09
8610,4.08,-2.2,0.17
8613,4.08,0.25,0.25
8616,3.41,0.25,0.31
8619,3.41,0.25,0.37
8621,3.85,3.39,0.44
8624,3.85,3.39,0.51
8627,3.63,3.39,0.57
8630,3.63,3.39,0.63
8633,4.3,7.14,0.71
8635,4.3,7.14,0.78
8638,4.75,7.14,0.86
8641,4.75,11.26,0.93
8643,4.3,11.26,1.0
8647,4.3,11.26,1.07
8649,4.52,14.03,1.14
8652,4.75,14.03,1.21
8655,4.75,14.03,1.28
8658,3.85,14.03,1.33
8661,3.85,14.39,1.38
8664,4.08,14.39,1.44
8666,4.08,14.39,1.49
8669,3.18,11.88,1.52
8672,2.29,11.88,1.54
8675,2.74,11.88,1.56
8678,2.96,7.11,1.59
8680,2.96,7.11,1.62
8683,3.41,7.11,1.65
8686,3.41,7.11,1.69
8689,3.18,1.94,1.72
8692,3.18,1.94,1.75
8694,2.29,1.94,1.76
8697,2.29,-1.58,1.77
8700,2.51,-1.58,1.78
8704,2.51,-1.58,1.8
8705,2.29,-3.81,1.81
8708,0.95,-3.81,1.79
8711,0.95,-3.81,1.77
8714,1.17,-3.81,1.76
8716,1.17,-4.4,1.75
8719,1.17,-4.4,1.74
8723,1.17,-4.4,1.73
8725,1.4,-3.29,1.72
8728,1.4,-3.29,1.71
8731,2.07,-3.29,1.72
8733,2.07,0.27,1.73
8736,2.29,0.27,1.74
8739,2.29,0.27,1.75
8741,2.29,4.92,1.76
8744,2.96,4.92,1.79
8747,2.96,4.92,1.81
8750,3.18,4.92,1.84
8752,3.18,9.13,1.86
8756,3.18,9.13,1.89
8758,3.18,9.13,1.92
8761,3.41,11.6,1.95
8764,3.41,11.6,1.97
8767,2.74,11.6,1.99
8770,2.74,12.57,2.01
8772,2.74,12.57,2.02
8775,2.51,12.57,2.03
8778,2.51,12.57,2.04
8781,2.29,12.0,2.04
8784,2.29,12.0,2.05
8786,2.29,12.0,2.05
8789,2.29,9.62,2.06
8792,2.07,9.62,2.06
8794,2.07,9.62,2.06
8798,2.74,6.19,2.07
8800,3.41,6.19,2.1
8803,3.41,6.19,2.13
8806,2.74,6.19,2.14
8809,2.74,3.25,2.15
8811,2.29,3.25,2.15
8814,2.29,3.25,2.16
8816,2.29,1.04,2.16
8820,2.29,1.04,2.16
8823,2.51,1.04,2.17
8826,2.51,-0.66,2.17
8828,0.95,-0.66,2.15
8830,0.95,-0.66,2.13
8835,1.4,-0.66,2.11
8838,1.4,-1.34,2.1
8839,1.4,-1.34,2.08
8842,1.4,-1.34,2.07
8845,1.4,-0.84,2.06
8848,1.4,-0.84,2.04
8850,1.4,-0.84,2.03
8853,2.51,1.71,2.04
8856,2.51,1.71,2.05
8859,2.74,1.71,2.06
8861,2.74,1.71,2.08
8864,3.85,5.77,2.11
8866,2.96,5.77,2.13
8869,3.63,5.77,2.16
8873,4.08,9.41,2.2
8875,4.08,9.41,2.23
8877,4.52,9.41,2.28
8880,4.52,10.06,2.33
8883,4.3,10.06,2.37
8886,4.3,10.06,2.4
8889,4.75,10.06,2.45
8892,4.75,6.61,2.5
8895,3.85,6.61,2.52
8897,2.96,6.61,2.53
8900,2.96,0.32,2.54
8903,2.74,0.32,2.55
8906,2.74,0.32,2.55
8909,2.96,-7.13,2.56
8912,2.96,-7.13,2.57
8914,2.51,-7.13,2.56
8917,2.51,-7.13,2.56
8920,2.74,-14.32,2.57
8923,2.74,-14.32,2.57
8925,2.29,-14.32,2.56
8929,3.41,-20.0,2.58
8932,3.41,-20.0,2.6
8934,3.41,-20.0,2.61
8937,3.41,-24.46,2.63
8940,3.18,-24.46,2.64
8944,3.18,-24.46,2.65
8946,3.18,-28.23,2.66
8949,3.18,-28.23,2.67
8953,3.18,-28.23,2.68
8956,2.96,-31.75,2.69
8959,2.96,-31.75,2.69
8961,2.07,-31.75,2.68
8964,2.07,-33.99,2.67
8967,2.96,-35.64,2.68
8969,3.18,-35.64,2.69
8973,3.18,-35.64,2.7
8976,5.42,-40.38,2.75
8978,5.42,-40.38,2.8
8981,6.54,-40.38,2.88
8984,6.54,-46.38,2.95
8988,6.31,-46.38,3.02
8991,7.21,-46.38,3.1
8993,7.21,-53.54,3.18
8996,8.99,-53.54,3.3
8999,8.99,-53.54,3.41
9002,10.11,-61.5,3.55
9006,10.11,-61.5,3.68
9008,9.89,-61.5,3.8
9011,8.55,-71.57,3.9
9014,8.55,-71.57,3.99
9017,5.2,-71.57,4.02
9020,5.2,-84.64,4.04
9023,4.3,-84.64,4.04
9026,4.3,-84.64,4.05
9028,5.2,-99.43,4.07
9031,6.76,-99.43,4.13
9035,6.76,-99.43,4.18
9037,6.09,-99.43,4.22
9041,6.09,-109.79,4.25
9043,7.21,-109.79,4.31
9046,8.99,-109.79,4.41
9049,8.77,-113.38,4.49
9052,9.44,-113.38,4.59
9057,9.44,-113.38,4.69
9059,11.01,-111.33,4.82
9062,12.79,-111.33,4.98
9065,13.02,-111.33,5.14
9068,13.91,-108.16,5.31
9071,13.91,-108.16,5.48
9075,14.8,-108.16,5.67
9077,15.7,-107.07,5.87
9081,15.7,-107.07,6.07
9084,16.14,-107.07,6.27
9087,16.14,-108.66,6.47
9091,16.59,-108.66,6.67
9093,17.26,-108.66,6.88
9096,17.26,-113.37,7.09
9099,17.49,-113.37,7.3
9104,17.49,-113.37,7.5
9106,19.27,-121.53,7.74
9109,20.61,-121.53,7.99
9112,20.61,-132.73,8.25
9115,23.07,-132.26,8.54
9119,23.97,-132.26,8.85
9123,24.19,-142.95,9.16
9125,25.53,-142.95,9.49
9128,25.53,-142.95,9.81
9131,25.31,-152.0,10.12
9134,24.64,-152.0,10.41
9138,24.64,-152.0,10.69
9141,24.19,-160.02,10.96
9144,24.19,-160.02,11.23
9147,24.41,-160.02,11.49
9150,23.74,-166.24,11.73
9155,23.74,-166.24,11.97
9157,23.74,-166.24,12.21
9160,23.74,-169.99,12.44
9163,23.74,-169.99,12.67
9167,25.53,-169.99,12.92
9170,26.42,-170.61,13.19
9175,26.2,-170.61,13.45
9176,25.53,-170.61,13.7
9180,25.53,-167.24,13.93
9183,26.2,-167.24,14.18
9189,29.33,-167.24,14.48
9190,29.33,-160.3,14.78
9193,30.45,-160.3,15.09
9196,33.57,-151.78,15.46
9199,33.57,-151.78,15.82
9202,35.36,-151.78,16.21
9206,35.36,-145.28,16.6
9209,33.57,-145.28,16.94
9212,36.03,-145.28,17.32
9215,36.03,-142.95,17.69
9219,38.94,-142.95,18.12
9222,39.38,-142.95,18.54
9226,39.38,-145.01,18.96
9228,39.38,-145.01,19.37
9232,38.49,-145.01,19.75
9235,38.49,-150.72,20.12
9239,38.71,-150.72,20.5
9241,38.71,-150.72,20.86
9245,41.62,-159.2,21.28
9248,43.18,-159.2,21.71
9251,43.18,-168.25,22.14
9255,43.63,-168.25,22.57
9258,45.64,-168.25,23.03
9261,45.64,-175.37,23.49
9264,44.75,-175.37,23.91
9268,44.75,-175.37,24.33
9271,44.08,-181.1,24.72
9274,42.74,-181.1,25.08
9277,42.74,-181.1,25.44
9280,41.39,-185.75,25.76
9284,41.84,-185.75,26.08
9288,41.84,-185.75,26.39
9291,42.07,-186.48,26.71
9293,41.17,-186.48,27.0
9297,40.72,-186.48,27.27
9300,41.39,-182.05,27.55
9305,41.39,-182.05,27.83
9307,42.96,-182.05,28.13
9310,44.08,-170.52,28.45
9313,44.08,-170.52,28.76
9316,45.19,-152.45,29.09
9319,46.31,-152.45,29.44
9323,46.31,-152.45,29.77
9326,46.53,-132.75,30.11
9329,48.32,-132.75,30.47
9332,47.65,-132.75,30.82
9336,48.99,-115.61,31.18
9339,48.99,-115.61,31.54
9342,50.33,-115.61,31.91
9345,50.11,-103.09,32.28
9349,50.11,-103.09,32.63
9352,49.44,-103.09,32.97
9355,49.66,-95.36,33.3
9358,49.66,-95.36,33.63
9361,48.55,-95.36,33.93
9365,48.55,-91.37,34.22
9368,48.32,-91.37,34.5
9371,50.33,-91.37,34.82
9374,50.33,-90.92,35.13
9377,51.67,-90.92,35.46
9380,51.67,-90.92,35.79
9383,51.0,-92.14,36.09
9387,51.67,-92.14,36.4
9390,51.67,-92.14,36.71
9393,51.67,-92.41,37.01
9396,51.67,-92.41,37.3
9399,51.67,-92.41,37.59
9402,51.0,-92.92,37.86
9406,51.0,-92.92,38.12
9409,50.33,-94.45,38.36
9412,50.11,-94.45,38.6
9415,50.11,-94.45,38.83
9418,50.56,-96.21,39.06
9421,50.56,-96.21,39.29
9424,50.11,-96.21,39.51
9428,49.89,-93.97,39.72
9431,49.89,-93.97,39.92
9434,49.66,-93.97,40.11
9437,49.66,-86.03,40.31
9440,49.44,-86.03,40.49
9443,49.66,-86.03,40.67
9446,49.66,-71.58,40.85
9450,49.44,-71.58,41.02
9453,48.1,-71.58,41.16
9457,48.1,-51.55,41.3
9459,46.98,-51.55,41.42
9462,46.98,-51.55,41.53
9465,46.09,-27.25,41.62
9469,45.64,-27.25,41.7
9472,45.64,-27.25,41.78
9475,47.43,0.81,41.89
9478,47.43,0.81,42.0
9481,48.77,0.81,42.14
9484,49.89,31.26,42.29
9487,49.89,31.26,42.44
9490,49.66,31.26,42.59
9493,49.66,62.94,42.73
9496,49.66,62.94,42.87
9499,52.57,62.94,43.06
9502,52.57,96.13,43.25
9505,56.14,96.13,43.51
9508,56.14,96.13,43.76
9511,53.68,129.77,43.96
9514,50.56,129.77,44.09
9518,50.56,129.77,44.22
9521,49.66,164.59,44.33
9524,49.66,164.59,44.44
9527,50.56,164.59,44.56
9530,49.66,198.0,44.66
9533,49.66,198.0,44.76
9537,48.32,198.0,44.83
9540,50.11,226.13,44.94
9543,49.66,226.13,45.03
9546,48.55,226.13,45.1
9549,48.55,246.91,45.17
9552,46.76,246.91,45.2
9557,42.74,246.91,45.16
9559,42.74,258.34,45.11
9562,38.04,258.34,44.97
9565,38.04,258.34,44.83
9568,34.24,260.54,44.62
9571,30.67,260.54,44.34
9575,30.67,260.54,44.06
9578,29.33,257.72,43.77
9581,26.65,257.72,43.43
9584,26.65,257.72,43.09
9587,24.64,254.28,42.72
9590,24.64,254.28,42.36
9593,23.52,254.28,41.98
9597,26.42,254.6,41.67
9600,26.42,254.6,41.37
9603,31.12,254.6,41.16
9606,31.12,262.13,40.96
9609,34.69,262.13,40.84
9612,46.76,262.13,40.95
9616,46.76,276.18,41.07
9619,44.97,276.18,41.15
9622,47.65,285.56,41.28
9625,47.87,285.56,41.41
9628,41.84,285.56,41.42
9631,41.84,286.37,41.43
9635,41.17,286.37,41.42
9638,40.95,286.37,41.41
9641,40.95,286.12,41.4
9644,39.83,286.12,41.37
9647,39.83,286.12,41.34
9651,36.93,270.3,41.25
9654,36.26,270.3,41.15
9657,36.26,270.3,41.05
9660,34.47,230.28,40.92
9663,30.0,230.28,40.7
9666,30.45,230.28,40.5
9670,25.75,194.29,40.2
9673,25.75,194.29,39.92
9676,19.5,194.29,39.51
9679,13.02,170.9,38.98
9682,13.02,170.9,38.46
9685,8.55,170.9,37.86
9688,8.55,157.82,37.27
9693,12.79,157.82,36.78
9696,18.38,157.82,36.42
9698,18.38,155.13,36.05
9702,17.93,155.13,35.69
9704,17.04,155.13,35.32
9707,17.04,162.2,34.95
9710,20.61,162.2,34.67
9714,20.61,162.2,34.39
9718,24.86,172.09,34.2
9721,26.42,172.09,34.04
9726,26.42,172.09,33.89
9727,23.97,177.01,33.69
9729,23.97,177.01,33.49
9733,21.06,177.01,33.25
9736,19.72,172.46,32.98
9739,19.72,172.46,32.71
9742,17.71,172.46,32.41
9745,14.13,159.07,32.04
9748,14.13,159.07,31.69
9751,9.22,138.91,31.24
9754,9.22,140.38,30.8
9758,5.42,140.38,30.29
9762,3.63,140.38,29.76
9765,3.41,121.65,29.23
9767,0.95,121.65,28.66
9770,0.95,121.65,28.11
9773,-3.52,105.96,27.48
9777,-5.31,105.96,26.82
9779,-5.31,105.96,26.18
9782,-2.63,96.03,25.6
9785,-2.63,96.03,25.04
9788,0.95,96.03,24.56
9791,0.95,92.86,24.08
9794,1.84,92.86,23.64
9797,3.18,92.86,23.23
9800,3.18,95.83,22.83
9803,3.85,95.83,22.45
9806,3.85,95.83,22.08
9810,3.41,104.2,21.7
9812,3.41,104.2,21.34
9815,3.18,104.2,20.98
9818,2.29,112.73,20.6
9821,2.29,112.73,20.24
9824,2.74,112.73,19.89
9827,2.74,117.02,19.54
9830,2.29,117.02,19.2
9833,2.29,117.02,18.86
9837,2.29,117.35,18.53
9839,1.4,117.35,18.19
9842,1.4,117.35,17.85
9846,0.5,113.08,17.5
9849,-1.51,113.08,17.12
9852,-1.51,113.08,16.75
9855,-4.64,102.64,16.32
9858,-4.64,102.64,15.9
9861,-4.64,102.64,15.49
9864,-4.64,87.84,15.09
9867,-4.64,87.84,14.69
9871,-7.54,87.84,14.25
9873,-10.22,72.87,13.76
9877,-9.78,72.87,13.29
9880,-10.22,72.87,12.82
9883,-10.22,62.35,12.36
9886,-9.78,62.35,11.92
9889,-7.99,62.35,11.52
9892,-7.99,59.19,11.13
9895,-7.32,59.19,10.76
9898,-7.32,59.19,10.4
9901,-5.31,62.01,10.08
9904,-4.41,62.01,9.79
9907,-4.41,62.01,9.51
9910,-5.08,65.63,9.22
9913,-5.08,65.63,8.93
9916,-4.64,65.63,8.66
9919,-4.64,66.82,8.39
9922,-3.74,66.82,8.15
9925,-4.64,66.82,7.9
9928,-4.86,62.72,7.64
9931,-6.87,62.72,7.35
9934,-6.87,62.72,7.07
9936,-7.32,51.52,6.78
9939,-7.32,52.54,6.5
9943,-7.54,52.54,6.22
9945,-7.54,52.54,5.94
9948,-7.09,39.9,5.68
9951,-7.77,39.9,5.41
9954,-7.77,39.9,5.15
9957,-9.11,27.66,4.86
9960,-9.11,27.66,4.58
9963,-10.67,27.66,4.28
9966,-10.67,17.57,3.98
9969,-11.34,17.57,3.67
9972,-12.01,17.57,3.36
9975,-12.01,10.06,3.05
9978,-12.9,10.06,2.73
9981,-12.9,10.06,2.42
9984,-12.9,4.68,2.11
9987,-12.01,4.68,1.83
9990,-12.01,4.68,1.55
9993,-11.56,1.15,1.29
9996,-11.56,1.15,1.03
9999,-11.12,1.15,0.79
10002,-10.22,0.24,0.57
10005,-10.22,0.24,0.36
10008,-9.55,0.24,0.16
10011,-9.55,0.24,-0.04
10014,-9.55,0.55,-0.23
10017,-9.55,0.55,-0.41
10019,-9.33,0.55,-0.59
10022,-8.44,0.29,-0.75
10025,-8.44,0.29,-0.9
10028,-8.66,0.29,-1.06
10031,-8.66,-3.02,-1.21
10034,-8.66,-3.02,-1.36
10038,-8.66,-3.02,-1.51
10040,-9.78,-9.3,-1.67
10043,-10.67,-9.3,-1.85
10046,-10.67,-9.3,-2.03
10049,-12.01,-16.61,-2.23
10053,-12.01,-16.61,-2.42
10056,-12.68,-16.61,-2.63
10059,-13.13,-22.54,-2.84
10063,-13.13,-22.54,-3.04
10066,-13.35,-22.54,-3.25
10069,-13.35,-25.95,-3.45
10072,-13.35,-25.95,-3.65
10075,-12.46,-25.95,-3.83
10079,-12.46,-26.34,-4.0
10082,-12.01,-26.34,-4.16
10085,-10.89,-26.34,-4.29
10088,-10.89,-24.49,-4.43
10091,-11.12,-24.49,-4.56
10095,-9.33,-21.82,-4.65
10098,-9.55,-21.82,-4.75
10101,-10.22,-21.82,-4.86
10105,-10.22,-18.66,-4.97
10107,-10.22,-18.66,-5.07
10110,-8.66,-18.66,-5.15
10113,-8.66,-15.31,-5.22
10116,-8.21,-15.31,-5.28
10120,-8.21,-15.31,-5.33
10123,-7.54,-13.55,-5.38
10126,-7.54,-13.55,-5.42
10129,-7.54,-13.55,-5.46
10132,-7.09,-14.57,-5.5
10135,-7.09,-14.57,-5.53
10139,-7.54,-14.57,-5.57
10141,-7.54,-17.0,-5.61
10144,-7.54,-17.0,-5.65
10147,-7.54,-17.0,-5.69
10151,-7.54,-19.01,-5.72
10154,-7.32,-19.01,-5.75
10157,-7.54,-19.01,-5.79
10160,-7.54,-19.29,-5.83
10163,-6.87,-19.29,-5.85
10166,-6.87,-19.29,-5.87
10170,-6.42,-19.7,-5.88
10173,-6.42,-19.7,-5.89
10176,-6.42,-19.7,-5.9
10179,-6.65,-19.99,-5.91
10182,-6.87,-19.99,-5.93
10185,-6.87,-19.99,-5.95
10190,-6.65,-20.41,-5.97
10192,-6.65,-20.41,-5.98
10194,-6.87,-20.41,-6.0
10198,-7.32,-20.85,-6.02
10201,-7.32,-20.85,-6.05
10204,-7.54,-20.85,-6.08
10207,-7.54,-20.48,-6.11
10210,-7.54,-20.48,-6.14
10213,-6.87,-20.48,-6.15
10216,-6.87,-18.47,-6.17
10221,-7.09,-18.47,-6.19
10224,-7.09,-18.47,-6.2
10226,-6.42,-14.37,-6.21
10228,-5.53,-14.37,-6.19
10233,-5.53,-14.37,-6.18
10235,-5.31,-9.35,-6.16
10239,-5.31,-9.35,-6.15
10242,-5.08,-9.35,-6.13
10244,-5.31,-5.59,-6.11
10246,-5.31,-5.59,-6.09
10249,-5.31,-5.59,-6.08
10252,-5.31,-3.89,-6.06
10255,-5.08,-3.89,-6.04
10258,-5.98,-3.89,-6.04
10261,-5.75,-3.86,-6.03
10264,-5.53,-3.86,-6.02
10267,-5.53,-3.86,-6.02
10270,-5.98,-3.97,-6.01
10273,-5.98,-3.97,-6.01
10276,-5.31,-3.97,-6.0
10279,-5.31,-5.01,-5.99
10283,-5.31,-5.01,-5.97
10285,-5.75,-5.01,-5.97
10288,-5.75,-7.29,-5.96
10291,-6.2,-7.29,-5.97
10294,-6.42,-7.29,-5.98
10298,-6.42,-7.29,-5.99
10301,-7.32,-10.44,-6.01
10304,-7.32,-10.44,-6.04
10306,-7.32,-10.44,-6.06
10310,-8.21,-12.97,-6.11
10313,-7.99,-12.97,-6.15
10316,-8.44,-17.45,-6.19
10319,-8.44,-15.8,-6.24
10322,-7.32,-15.8,-6.26
10325,-6.65,-15.1,-6.27
10328,-6.65,-15.1,-6.27
10331,-6.2,-15.1,-6.27
10335,-6.2,-10.73,-6.27
10338,-6.42,-10.73,-6.27
10341,-5.98,-10.73,-6.27
10344,-5.98,-6.12,-6.26
10347,-5.75,-6.12,-6.25
10350,-5.75,-6.12,-6.24
10353,-6.2,-6.66,-6.24
10356,-6.2,-6.66,-6.24
10359,-6.2,-6.66,-6.24
10362,-6.2,-6.66,-6.24
10365,-6.2,-10.29,-6.24
10368,-5.75,-10.29,-6.23
10371,-5.75,-10.29,-6.22
10374,-5.75,-10.11,-6.21
10377,-5.08,-10.11,-6.19
10380,-5.08,-10.11,-6.16
10384,-5.08,-5.3,-6.14
10387,-5.08,-5.3,-6.12
10390,-5.08,-5.3,-6.1
10392,-5.08,0.77,-6.08
10396,-5.08,0.77,-6.06
10398,-4.86,0.77,-6.04
10403,-4.86,4.81,-6.01
10406,-4.19,4.81,-5.98
10407,-4.19,4.81,-5.94
10410,-4.19,5.65,-5.91
10413,-3.74,5.65,-5.86
10416,-3.74,5.65,-5.82
10420,-3.97,3.7,-5.78
10422,-3.97,3.7,-5.75
10426,-3.74,3.7,-5.71
10428,-2.85,-0.24,-5.65
10431,-3.07,-0.24,-5.6
10434,-3.3,-0.24,-5.55
10438,-3.3,-4.21,-5.51
10440,-3.74,-4.21,-5.47
10443,-3.74,-4.21,-5.44
10446,-4.41,-7.31,-5.42
10449,-4.86,-7.31,-5.41
10452,-4.86,-7.31,-5.39
10455,-4.64,-7.31,-5.38
10458,-4.64,-7.6,-5.36
10461,-5.75,-7.6,-5.37
10464,-5.75,-7.6,-5.38
10467,-5.98,-3.58,-5.39
10471,-6.42,-3.58,-5.41
10474,-6.42,-3.58,-5.43
10477,-5.98,1.55,-5.44
10479,-5.98,1.55,-5.45
10482,-6.2,1.55,-5.47
10486,-5.98,2.38,-5.48
10489,-5.98,2.38,-5.49
10491,-5.75,2.38,-5.49
10494,-5.75,-2.64,-5.5
10497,-6.42,-2.64,-5.52
10500,-6.42,-2.64,-5.54
10503,-6.2,-10.99,-5.55
10506,-7.09,-10.99,-5.58
10509,-7.09,-10.99,-5.61
10512,-6.42,-17.91,-5.63
10515,-6.42,-17.91,-5.64
10518,-6.42,-17.91,-5.66
10521,-7.09,-21.94,-5.69
10524,-7.09,-21.94,-5.72
10527,-7.54,-21.94,-5.75
10530,-7.54,-23.89,-5.79
10534,-7.54,-23.89,-5.82
10537,-7.77,-23.89,-5.86
10540,-7.77,-25.52,-5.9
10543,-8.66,-25.52,-5.96
10546,-8.66,-25.52,-6.01
10549,-8.66,-27.19,-6.06
10553,-8.44,-27.19,-6.11
10556,-8.44,-27.19,-6.16
10558,-7.77,-25.73,-6.19
10562,-7.77,-25.73,-6.22
10564,-7.77,-25.73,-6.25
10568,-7.32,-19.38,-6.27
10571,-7.32,-19.38,-6.29
10574,-6.2,-19.38,-6.29
10577,-6.65,-13.88,-6.3
10580,-6.65,-13.88,-6.31
10583,-6.65,-13.88,-6.31
10586,-6.65,-12.49,-6.32
10590,-6.42,-12.49,-6.32
10593,-6.42,-12.49,-6.32
10596,-6.42,-15.16,-6.33
10599,-5.98,-15.16,-6.32
10604,-5.98,-15.16,-6.31
10606,-5.31,-18.01,-6.29
10608,-4.64,-18.01,-6.26
10611,-4.64,-18.01,-6.23
10614,-4.41,-18.28,-6.19
10617,-4.41,-18.28,-6.15
10621,-3.74,-18.28,-6.11
10624,-3.74,-15.72,-6.06
10627,-3.74,-15.72,-6.01
10630,-3.3,-15.72,-5.96
10633,-3.3,-11.71,-5.9
10636,-2.63,-11.71,-5.84
10639,-3.07,-11.71,-5.78
10642,-3.07,-6.99,-5.73
10645,-3.07,-6.99,-5.68
10648,-2.18,-6.99,-5.61
10651,-2.4,-3.03,-5.54
10654,-1.73,-3.03,-5.47
10657,-1.73,-3.03,-5.39
10660,-1.28,0.67,-5.31
10663,-1.28,0.67,-5.23
10666,-0.39,0.67,-5.13
10669,-0.39,4.5,-5.04
10672,0.06,4.5,-4.94
10675,0.06,4.5,-4.84
10677,0.06,7.52,-4.74
10680,-0.17,7.52,-4.65
10683,-0.17,7.52,-4.56
